Project_ID,Update_Day,Planned_Cost,Planned_Labour,Planned_Material,Actual_Cost,Actual_Labour,Actual_Material,%Work_Completed,External_Delay,Internal_Delay,Delay_Label
PROJ_00001,2025-07-13,688648414851.64,116,367674415879.07,747991707153.59,134,434431520008.89,59.69,4,1,False
PROJ_00002,2024-01-20,2931374804577.66,262,1259270264756.4,2051962363204.362,215,881489185329.4799,29.12,4,3,False
PROJ_00003,2023-10-23,132857729525.42,62,49060127687.71,93000410667.79399,50,34342089381.396996,24.1,5,3,True
PROJ_00004,2024-07-05,12455449746.64,493,5970768865.87,12151665801.02,598,6012719476.03,92.19,2,2,False
PROJ_00005,2024-06-04,547349239636.11,50,212854295312.27,383144467745.277,44,148998006718.589,16.53,1,2,False
PROJ_00006,2024-05-13,667622910673.73,499,272082853122.37,467336037471.61096,577,190457997185.659,11.59,4,5,True
PROJ_00007,2024-02-17,3080388509155.82,368,961481902126.18,3615815864702.85,393,923905619695.38,71.07,4,3,False
PROJ_00008,2024-01-10,400730997185.67,252,139601209318.36,537303714060.85,265,143122412633.23,92.97,10,4,True
PROJ_00009,2025-08-20,180618116835.12,181,67413482680.47,126432681784.58398,209,47189437876.328995,16.83,3,2,False
PROJ_00010,2025-04-08,296810103401.01,352,113854556779.02,354536769717.96,392,124108174428.62,90.83,4,4,True
PROJ_00011,2023-12-26,87243093488.91,106,30117647480.25,110597153114.85,113,33392499510.74,50.82,7,6,True
PROJ_00012,2025-05-24,127898270367.51,121,59672248163.32,149353697891.78,106,69790647904.78,52.97,5,6,True
PROJ_00013,2024-12-03,507384113963.99,358,195432331850.09,355168879774.79297,419,136802632295.06299,30.54,4,2,False
PROJ_00014,2023-10-30,612064341990.29,452,251139021908.79,428445039393.203,367,175797315336.15298,26.52,8,2,True
PROJ_00015,2023-10-28,271363986876.94,190,127999065891.24,313163289427.7,189,147616707329.94,98.03,2,2,False
PROJ_00016,2024-01-01,847531879415.62,160,289877264437.54,1044142251063.75,135,311178617598.94,51.83,11,6,True
PROJ_00017,2024-05-08,308032536371.58,72,183141442653.36,328527088688.62,92,189950558799.94,83.89,3,3,False
PROJ_00018,2024-05-23,181736331730.32,359,83996812660.89,215139880179.61,459,96663031066.07,63.74,7,0,False
PROJ_00019,2025-02-26,102712211186.35,67,59014751057.69,71898547830.445,72,41310325740.382996,44.24,2,6,True
PROJ_00020,2025-06-05,196483839904.66,229,61656784696.46,137538687933.262,253,43159749287.521996,4.07,5,2,False
PROJ_00021,2023-10-25,269627508469.19,259,156392284359.4,337960157804.42,242,150821080712.42,50.1,10,5,True
PROJ_00022,2025-04-24,174495038087.26,251,88102899308.52,122146526661.082,288,61672029515.964,7.12,2,2,False
PROJ_00023,2024-04-18,562662789597.07,286,332125308562.6,696650474953.42,334,322650054394.72,54.8,5,4,True
PROJ_00024,2025-07-24,844663466978.18,93,462822568683.22,591264426884.726,118,323975798078.25397,32.0,2,2,False
PROJ_00025,2025-09-15,5756794496660.47,382,1885414928075.71,8212198076241.8,348,1921229290739.05,60.24,8,8,True
PROJ_00026,2025-04-08,30483292285.52,145,12567689503.95,21338304599.864,116,8797382652.765,37.06,8,2,True
PROJ_00027,2024-11-30,530456241112.85,10,267515356698.1,371319368778.99493,12,187260749688.66998,23.75,4,4,True
PROJ_00028,2024-05-10,1158661411519.46,450,529426409402.53,1266843138912.25,402,550132022934.19,62.94,5,5,True
PROJ_00029,2024-12-30,1538495444952.39,229,627865419760.99,1076946811466.6729,191,439505793832.693,25.99,2,3,False
PROJ_00030,2025-05-23,4091582423953.74,418,1740857484054.44,3792767895146.15,458,1765694745161.2,93.27,2,3,False
PROJ_00031,2024-07-08,275296819751.76,108,93643764712.38,192707773826.232,99,65550635298.666,1.37,7,2,True
PROJ_00032,2023-10-04,538840479273.17,497,261573898984.14,377188335491.219,404,183101729288.898,35.82,7,2,True
PROJ_00033,2024-03-09,3051008250323.58,444,1741958874490.33,4051075413538.69,542,1969589912012.52,61.73,7,5,True
PROJ_00034,2025-09-11,33278725612.17,135,16307249653.65,23295107928.518997,151,11415074757.554998,24.01,2,1,False
PROJ_00035,2024-12-03,1002960770909.2,204,455916696508.81,1154338411536.84,196,454309512376.06,97.31,5,4,True
PROJ_00036,2024-09-10,307114479844.29,223,99667158724.15,322466651809.58,247,100731015132.89,87.36,5,2,False
PROJ_00037,2024-07-08,3854941837271.66,23,1327340233098.45,2698459286090.162,26,929138163168.9149,13.31,5,1,False
PROJ_00038,2024-03-05,1947027831743.73,95,775402287376.95,1362919482220.6108,89,542781601163.8649,11.98,6,3,True
PROJ_00039,2024-05-05,1311498885244.3,449,589485055664.62,918049219671.01,540,412639538965.23395,33.03,2,3,False
PROJ_00040,2024-09-06,1081263922800.07,344,589420342633.52,756884745960.049,294,412594239843.464,25.79,7,3,True
PROJ_00041,2024-01-10,851967445157.17,148,493803996953.9,596377211610.019,118,345662797867.73,32.06,5,2,False
PROJ_00042,2023-12-31,11783753460191.96,428,4768419330965.75,13428277032422.88,385,4525691446345.65,92.95,6,4,True
PROJ_00043,2024-10-21,590717465649.36,388,289526915473.12,695807019533.43,323,280466928425.65,90.79,8,3,True
PROJ_00044,2024-01-05,10549386880.33,76,5151396594.02,7384570816.231,82,3605977615.814,33.49,6,3,True
PROJ_00045,2024-09-29,194099230819.99,303,89468954547.73,135869461573.99298,276,62628268183.410995,37.88,7,6,True
PROJ_00046,2024-09-14,1107867740008.38,227,527199857739.1,1118817411933.04,250,541560360837.21,50.59,4,4,True
PROJ_00047,2025-06-07,430731383591.27,223,246897752935.03,301511968513.889,246,172828427054.521,12.28,3,2,False
PROJ_00048,2024-06-24,98978750931.13,322,29831166834.72,69285125651.791,337,20881816784.304,33.35,7,2,True
PROJ_00049,2023-11-11,231194149769.01,72,88611204039.56,161835904838.307,72,62027842827.69199,22.01,7,2,True
PROJ_00050,2025-01-10,166937404420.51,314,51911673331.05,116856183094.357,279,36338171331.735,47.21,5,2,False
PROJ_00051,2025-03-30,261084126170.46,467,148616688155.05,337523416594.51,541,169659992350.67,52.66,7,5,True
PROJ_00052,2024-02-02,333339132534.61,311,183025170600.71,233337392774.227,252,128117619420.49698,39.72,4,1,False
PROJ_00053,2024-10-19,26708740460.87,11,15309108188.66,35695395466.8,14,17359420803.08,62.48,3,5,True
PROJ_00054,2023-12-17,419591807241.45,68,238481577838.74,420599674806.37,82,285061955639.49,79.99,2,3,False
PROJ_00055,2025-04-15,47322627245.15,224,23895804667.09,53478437043.88,194,23396505192.87,82.26,4,2,False
PROJ_00056,2024-07-24,1282701810435.94,107,615895762353.45,1344714565018.28,117,599639029203.08,66.5,5,2,False
PROJ_00057,2025-07-02,33236104348.92,173,17140316725.59,23265273044.243996,181,11998221707.913,29.71,6,2,True
PROJ_00058,2025-06-22,1832744075367.79,82,591135719904.11,2033763766225.22,103,556285661879.07,72.82,7,2,True
PROJ_00059,2024-10-02,292366889474.86,312,95314986770.48,368986664424.3,341,114359497770.48,95.82,9,1,True
PROJ_00060,2025-05-11,50057138929.87,400,15526913248.81,74114487105.61,335,17217586549.68,69.74,9,2,True
PROJ_00061,2024-04-11,2150152000186.93,373,1014287607628.6,2473834312206.88,300,928889815451.95,80.4,9,3,True
PROJ_00062,2025-09-18,16094237905991.35,245,9579693413591.44,16978823984609.59,224,8742696027687.25,76.83,4,2,False
PROJ_00063,2023-12-08,17977881133.66,353,6064501424.19,20481488354.15,290,6156846699.89,95.64,9,4,True
PROJ_00064,2023-11-13,660174945002.1,63,389985666167.01,799352352043.09,67,420358522196.19,88.38,6,2,True
PROJ_00065,2025-08-05,92711684419.71,114,38693307698.13,64898179093.797,91,27085315388.690998,27.3,3,4,False
PROJ_00066,2024-05-18,350040154389.12,46,128133934918.06,404961730098.79,56,148659487036.43,68.33,6,5,True
PROJ_00067,2024-07-20,1119215082965.28,354,648055869532.87,783450558075.6959,381,453639108673.009,10.58,6,3,True
PROJ_00068,2023-12-18,101141052312.89,22,49061307011.27,117171726935.9,27,54279748093.28,98.12,5,6,True
PROJ_00069,2024-05-23,247176099608.88,26,131323496969.01,276721903561.3,21,150556333189.77,70.86,2,6,True
PROJ_00070,2024-01-09,1798245570615.74,468,908093536506.18,1258771899431.0178,533,635665475554.326,44.59,6,1,False
PROJ_00071,2024-10-21,234168387282.98,30,134145082561.79,263510654993.81,27,124399354733.28,85.74,7,5,True
PROJ_00072,2024-07-08,257669146540.32,59,136128464634.99,252859970491.48,50,150513103158.75,62.62,1,4,False
PROJ_00073,2025-01-04,42616982877.95,453,13606012214.97,45531567421.05,471,14694577065.56,58.2,4,1,False
PROJ_00074,2025-07-09,1517685736352.57,298,889052095817.89,1473122090030.5,310,856250406700.49,90.78,4,0,False
PROJ_00075,2024-10-05,1929046276159.5,251,767641574141.32,1917335567040.87,217,821577801771.89,51.77,2,1,False
PROJ_00076,2024-03-12,1440843138378.74,491,450054628489.9,1934088382925.03,585,469979064201.55,67.04,7,7,True
PROJ_00077,2024-10-11,4097499055668.04,21,1533001297103.14,2868249338967.628,27,1073100907972.1979,15.95,6,3,True
PROJ_00078,2024-09-25,60214837814.69,44,22048767054.03,42150386470.283,35,15434136937.820997,41.84,6,5,True
PROJ_00079,2024-04-29,3147136672872.81,429,1342305020266.25,2202995671010.967,551,939613514186.375,27.68,6,3,True
PROJ_00080,2025-08-14,314608346735.79,327,103574736285.02,220225842715.05298,357,72502315399.51399,40.5,5,2,False
PROJ_00081,2024-06-27,39655620273.04,296,14704904343.83,27758934191.128,242,10293433040.681,7.35,5,3,True
PROJ_00082,2025-09-15,201785863048.75,129,109307613058.32,259834570512.41,163,99667016308.41,58.54,3,1,False
PROJ_00083,2025-08-27,268616757074.61,254,87721281278.85,188031729952.227,269,61404896895.195,10.33,5,3,True
PROJ_00084,2025-07-22,66109604622.45,135,25940019393.74,81260641985.35,149,30107841098.97,70.47,5,6,True
PROJ_00085,2023-12-10,166713769463.94,337,89800890653.13,204516092280.91,318,83760244221.24,91.87,7,4,True
PROJ_00086,2025-06-12,2047643269481.15,141,1024390911654.17,2517420429641.19,161,1041362436766.04,80.78,6,2,True
PROJ_00087,2025-07-09,31835086363.08,300,11721070372.41,22284560454.156,320,8204749260.686999,7.32,8,3,True
PROJ_00088,2024-03-21,906525573726.55,373,531819672123.42,634567901608.585,472,372273770486.394,1.82,1,4,False
PROJ_00089,2025-03-27,310793852177.99,382,119799179627.96,217555696524.593,435,83859425739.572,30.73,6,1,False
PROJ_00090,2024-06-04,5216590879323.89,321,2806641583730.18,3651613615526.7227,359,1964649108611.126,18.52,5,1,False
PROJ_00091,2024-03-13,2386452433079.09,280,1153358850146.28,1670516703155.3628,287,807351195102.396,41.1,7,2,True
PROJ_00092,2025-01-13,717809166500.68,235,317176606259.01,751193723273.86,204,311582269446.68,53.54,3,3,False
PROJ_00093,2024-10-20,4016147874985.04,51,1720758254561.39,4868748832216.81,42,2010288327724.78,71.76,4,2,False
PROJ_00094,2024-06-30,136611107392.67,388,55063585292.44,144606180504.09,347,50421816608.49,61.72,5,3,True
PROJ_00095,2025-07-14,34476517624.28,300,17900040845.32,24133562336.996,307,12530028591.723999,46.52,3,3,False
PROJ_00096,2025-09-01,2346485228254.56,477,1038239846306.63,1642539659778.192,442,726767892414.641,38.25,2,4,False
PROJ_00097,2025-04-20,511188263044.73,469,273285552849.94,593076919172.12,594,291360843021.73,70.87,2,1,False
PROJ_00098,2024-05-09,91607356447.26,416,53381082005.23,97094460317.31,376,61154461922.62,87.33,6,5,True
PROJ_00099,2025-08-29,170458925029.05,215,101028117334.5,191872325770.26,211,92991501622.52,64.1,7,2,True
PROJ_00100,2024-08-25,355894562905.03,297,119797852331.98,403217605066.01,327,120928680055.2,59.43,4,0,False
PROJ_00101,2023-11-24,1818271324183.6,427,796293974871.25,1272789926928.52,363,557405782409.875,5.82,5,1,False
PROJ_00102,2024-05-19,334684969127.85,112,123387765865.34,234279478389.49496,111,86371436105.73799,23.26,6,4,True
PROJ_00103,2023-10-30,139612537965.93,414,42687606132.76,97728776576.15099,444,29881324292.932,25.98,4,5,True
PROJ_00104,2024-08-16,54601955419.77,61,20368898578.89,64211416277.24,57,24016880024.39,65.17,6,3,True
PROJ_00105,2024-11-11,1099986767018.33,293,540269987829.59,1197835809399.98,246,602345397491.83,65.94,5,3,True
PROJ_00106,2024-06-28,98093443375.52,375,58608529443.86,124567012963.03,396,68552653122.74,97.07,6,1,False
PROJ_00107,2023-12-04,117245371114.14,338,48607807772.53,82071759779.898,381,34025465440.770996,20.57,5,7,True
PROJ_00108,2024-05-01,753621979760.98,192,247567465336.8,527535385832.686,248,173297225735.75998,37.6,5,1,False
PROJ_00109,2025-04-30,1001186162948.75,277,576360807958.54,700830314064.125,322,403452565570.978,25.22,10,1,True
PROJ_00110,2024-08-15,342194025912.3,97,137806698219.93,239535818138.61,98,96464688753.95099,41.34,4,2,False
PROJ_00111,2024-05-02,2391972834249.21,373,1238894856576.48,2738097676443.03,364,1406316054046.59,99.18,3,3,False
PROJ_00112,2025-07-30,267370109919.57,99,147585411496.83,305194643732.24,98,161312264793.15,83.27,2,5,False
PROJ_00113,2025-02-20,118326309478.75,163,49396230123.07,82828416635.125,178,34577361086.148994,41.26,1,3,False
PROJ_00114,2024-11-06,140230602751.79,345,51553204594.22,159646249130.6,395,57934334605.39,70.29,4,2,False
PROJ_00115,2025-07-17,369445850089.62,182,127176472249.95,258612095062.73398,182,89023530574.965,32.82,3,7,True
PROJ_00116,2025-01-09,1973614053651.54,409,712239636208.31,2025448595973.59,425,734001491362.67,56.55,8,3,True
PROJ_00117,2024-02-21,413321943044.65,99,133990895196.93,501441013004.04,82,131934955302.58,72.79,6,3,True
PROJ_00118,2024-06-25,87591656492.69,229,46961213845.21,89108040148.8,254,50182652347.5,97.48,4,1,False
PROJ_00119,2024-02-17,45559670552.99,484,18415355419.84,48770253178.65,545,17668231372.39,89.98,5,4,True
PROJ_00120,2024-06-06,44253021961.77,354,25848667897.73,57594383189.15,404,27490876638.73,96.74,1,2,False
PROJ_00121,2025-04-24,1491833866569.44,432,764341870968.98,1419607049547.52,359,805425853903.38,54.35,3,6,True
PROJ_00122,2025-04-01,248468224058.01,201,133724831641.29,173927756840.607,186,93607382148.90298,49.73,5,2,False
PROJ_00123,2024-06-23,3510629258248.56,378,1081801200622.25,2457440480773.9917,356,757260840435.575,6.52,6,4,True
PROJ_00124,2025-05-18,5429521526344.3,64,2675681224383.8,3800665068441.01,52,1872976857068.6597,19.58,6,3,True
PROJ_00125,2024-12-09,1056121585046.64,110,456346995476.09,1348422956877.6,88,487345143257.19,61.53,8,3,True
PROJ_00126,2025-05-17,4812844281355.11,427,1746705766833.57,3368990996948.577,529,1222694036783.499,37.9,7,3,True
PROJ_00127,2024-11-09,164696127462.11,227,54381219135.75,115287289223.47699,258,38066853395.024994,23.99,5,5,True
PROJ_00128,2024-10-02,162834391633.19,432,57014769313.06,182393401815.03,360,64366629246.1,65.53,2,3,False
PROJ_00129,2024-05-09,2911991465102.93,493,1634679444543.71,3344228831582.61,635,1525509303488.8,76.61,6,4,True
PROJ_00130,2024-02-16,146447550764.2,353,45128179593.8,183198076217.28,294,44180250228.15,96.62,10,3,True
PROJ_00131,2025-03-02,371823850926.78,317,145152438099.91,417185319540.54,291,165237686614.29,59.84,3,6,True
PROJ_00132,2025-02-14,370311049394.46,73,198763809190.73,419669683011.02,83,183789365009.38,57.33,6,3,True
PROJ_00133,2023-12-30,291757855351.89,24,140212123401.27,393158530817.13,26,129174578053.65,89.25,7,6,True
PROJ_00134,2023-11-15,107334888883.72,277,51651856565.99,114633419703.88,337,59563752822.33,90.74,6,4,True
PROJ_00135,2024-01-18,205374782549.22,254,96857744486.63,189062741948.81,267,112574536614.09,51.27,4,1,False
PROJ_00136,2024-03-02,5661508508670.41,156,2463770209687.48,6872697209222.46,180,2830567121398.34,92.94,6,5,True
PROJ_00137,2025-07-01,1116111022693.74,170,487596485788.3,781277715885.6179,216,341317540051.81,36.91,3,1,False
PROJ_00138,2024-03-09,63692130305.39,340,30547237442.02,79047872234.22,412,36576619644.19,50.22,2,3,False
PROJ_00139,2025-08-24,755828353574.76,277,293648545763.56,529079847502.332,314,205553982034.49197,48.6,2,6,True
PROJ_00140,2024-12-03,1466352208695.27,197,539447123642.04,1026446546086.689,196,377612986549.428,38.42,5,1,False
PROJ_00141,2025-05-30,48877536797.22,16,16754156196.5,53981619454.07,16,16642996533.86,89.01,2,3,False
PROJ_00142,2023-12-02,1389830501983.14,427,767904991310.3,1808945400925.52,386,904354949940.15,58.02,4,3,False
PROJ_00143,2024-10-26,23074165114.74,271,12156948871.51,16151915580.318,262,8509864210.056999,45.85,6,5,True
PROJ_00144,2024-10-22,430354783403.77,171,150839819282.16,301248348382.639,222,105587873497.512,24.69,7,3,True
PROJ_00145,2025-05-30,149426839737.72,282,77757749199.26,104598787816.40399,330,54430424439.481995,30.05,8,4,True
PROJ_00146,2025-01-19,416420894746.18,434,234497921780.17,466608042465.92,431,247016039605.13,94.4,6,2,True
PROJ_00147,2025-03-22,19217555447753.42,188,10922024116172.38,13452288813427.395,210,7645416881320.666,45.6,6,0,False
PROJ_00148,2024-06-11,101114758796.6,332,43933929583.26,102331263356.35,315,44268471415.16,51.04,3,3,False
PROJ_00149,2025-04-16,127687234226.54,193,58553973338.9,148913876695.02,187,63816330128.78,79.34,4,0,False
PROJ_00150,2023-10-09,428604438131.78,44,207479365424.96,300023106692.246,37,145235555797.472,8.86,3,1,False
PROJ_00151,2025-08-24,342046197667.47,25,172570718743.04,239432338367.22897,21,120799503120.12799,11.29,5,3,True
PROJ_00152,2024-01-23,357447708138.53,304,131472376614.21,409567596829.96,346,127867338849.59,64.05,7,2,True
PROJ_00153,2025-08-26,1158311431691.05,417,448256140593.67,1431609115412.84,373,508728131293.57,56.33,4,5,True
PROJ_00154,2025-03-30,925632507286.77,218,295098017678.84,1128908786467.09,213,289525972752.68,83.93,0,3,False
PROJ_00155,2024-06-27,160024722305.46,109,91559736547.88,202821560903.49,101,106452236067.45,94.3,5,4,True
PROJ_00156,2025-07-15,136968924845.56,20,80158572118.81,147512036761.86,18,81009227010.88,70.25,4,4,True
PROJ_00157,2024-09-10,152543428347.07,498,54276004355.8,180797822369.02,581,64717488739.37,55.21,8,2,True
PROJ_00158,2024-01-20,402263627185.71,319,144720205876.62,420771193158.19,388,130886114358.31,89.02,2,2,False
PROJ_00159,2024-07-24,33171165604.82,479,17010667644.99,33390706990.4,478,19199816556.44,94.88,4,2,False
PROJ_00160,2024-12-16,25671746430.51,474,11716297914.33,26882079658.59,383,11575615442.32,97.6,1,3,False
PROJ_00161,2024-03-07,380864653142.1,253,187597927121.2,546503458292.82,209,206637744344.58,57.06,9,5,True
PROJ_00162,2025-01-04,410381768470.42,128,219782772531.64,452463410835.88,142,249320820387.19,99.13,4,1,False
PROJ_00163,2023-10-01,61711647696.6,190,28275015235.18,78043664748.0,191,28008523500.0,90.64,7,5,True
PROJ_00164,2024-06-23,114575497077.07,131,57733000357.16,80202847953.949,108,40413100250.012,7.62,5,2,False
PROJ_00165,2025-02-21,171707594402.7,79,57121621017.88,209286716120.15,63,65622317173.25,63.65,7,1,True
PROJ_00166,2024-03-28,95203076946.49,282,55983282231.53,124877484143.3,295,50588225669.08,52.15,6,3,True
PROJ_00167,2025-02-28,50101353669.11,261,17704136845.69,63150328019.34,271,19308717539.27,51.47,5,5,True
PROJ_00168,2024-01-14,287958142003.7,355,117238226251.82,308913481667.36,323,106883627581.14,78.75,5,2,False
PROJ_00169,2025-06-29,177523884181.75,230,76231275753.89,232313408211.83,213,75370502849.25,71.92,5,7,True
PROJ_00170,2024-07-29,171487576265.42,484,54996456319.95,214125480944.4,418,62127518215.64,94.08,8,4,True
PROJ_00171,2025-07-13,118640452191.49,147,42730503321.13,83048316534.043,131,29911352324.790997,20.36,1,1,False
PROJ_00172,2025-02-28,1104966305378.45,178,612734328570.43,773476413764.9149,190,428914029999.301,42.26,5,7,True
PROJ_00173,2025-06-12,671904762187.18,18,255763250621.93,768028552660.49,16,237724395837.87,62.84,6,4,True
PROJ_00174,2024-04-18,216588575256.36,387,112343263436.78,269011275115.64,341,127606409705.34,86.17,4,7,True
PROJ_00175,2024-03-02,112271308440.46,348,60026009871.67,78589915908.322,299,42018206910.169,12.44,7,3,True
PROJ_00176,2024-10-14,614296242766.01,98,213272575091.57,430007369936.207,105,149290802564.099,30.98,9,1,True
PROJ_00177,2024-03-11,69797791282.52,410,40517501245.9,48858453897.764,370,28362250872.13,43.05,4,2,False
PROJ_00178,2025-04-02,141339887060.64,224,60140144449.95,160280271017.31,199,71639118301.49,75.09,3,2,False
PROJ_00179,2025-03-24,231379346610.28,462,82589606216.58,247015195964.29,507,78595009668.77,58.22,3,5,True
PROJ_00180,2023-09-28,4620339784035.53,412,2250542713690.56,4884677178578.44,385,2429011841973.66,64.85,1,5,False
PROJ_00181,2025-06-02,236818516657.92,287,115463574835.67,165772961660.544,325,80824502384.969,37.36,4,5,True
PROJ_00182,2024-08-24,93514205901.56,253,49049632221.21,119430979314.14,213,47076910013.98,91.45,4,4,True
PROJ_00183,2025-02-09,560278623416.75,56,173042734445.62,392195036391.725,61,121129914111.93399,35.6,1,3,False
PROJ_00184,2023-10-17,35603323716.44,347,19280164484.04,39407846428.16,341,22530873996.34,82.3,7,4,True
PROJ_00185,2024-01-20,1720046797829.51,350,728270979000.68,2208744199901.12,362,661629364958.41,87.37,7,4,True
PROJ_00186,2024-10-03,117711064325.6,12,49780164012.56,114158761149.16,13,57969358591.08,65.52,2,1,False
PROJ_00187,2024-08-07,769375482332.41,300,416811752490.06,538562837632.687,280,291768226743.042,0.8,5,6,True
PROJ_00188,2024-05-30,851078811951.49,15,396612392007.57,1013913918903.1,12,376617315906.02,50.31,8,3,True
PROJ_00189,2023-11-26,386764912906.28,159,178844304908.66,270735439034.396,146,125191013436.062,34.52,6,2,True
PROJ_00190,2024-05-31,1974188235988.62,161,957264421541.18,2213079616543.81,177,895196518079.07,55.69,6,4,True
PROJ_00191,2025-04-30,85339732606.25,291,38717393042.3,59737812824.375,251,27102175129.61,11.43,11,6,True
PROJ_00192,2023-12-17,1565477645514.15,156,871176108189.9,2273370496338.18,167,1037065239355.13,88.26,5,2,False
PROJ_00193,2023-12-24,435706380467.0,182,189594830496.12,463602809406.65,209,191935211833.32,51.34,4,2,False
PROJ_00194,2025-02-06,165805783456.98,488,84996968462.89,116064048419.886,577,59497877924.022995,0.84,3,3,False
PROJ_00195,2023-12-07,940507325601.67,304,473302810543.06,1108769417641.0,267,462638969701.97,75.85,1,4,False
PROJ_00196,2025-03-26,49263624515.3,355,27919586611.9,65963052804.3,359,32731570756.11,57.88,5,2,False
PROJ_00197,2024-02-03,41724885591.33,90,19836028428.72,29207419913.931,109,13885219900.104,13.37,8,4,True
PROJ_00198,2024-02-06,821143678916.71,489,433773581971.77,574800575241.6969,606,303641507380.239,18.77,4,1,False
PROJ_00199,2025-08-03,145853656068.35,187,78050917359.58,102097559247.845,193,54635642151.706,42.9,5,9,True
PROJ_00200,2025-01-26,65037563776.34,300,19948826691.89,45526294643.437996,365,13964178684.322998,36.04,5,3,True
PROJ_00201,2025-04-12,6687967508507.05,350,2813631185001.29,4681577255954.935,388,1969541829500.9028,39.06,4,4,True
PROJ_00202,2024-03-15,7492817648.8,59,3707840886.11,7674300514.27,67,4112517390.78,80.44,5,3,True
PROJ_00203,2024-06-25,45701700273.78,348,23963152053.87,54237096445.82,397,21746317661.55,81.03,2,3,False
PROJ_00204,2025-03-21,249868552985.36,305,135139727877.23,263161205006.35,248,138788573944.03,96.09,5,4,True
PROJ_00205,2025-06-10,437990448940.16,125,163758411866.0,474856890393.05,143,177008410627.77,69.07,7,1,True
PROJ_00206,2024-12-04,782825800904.15,382,249500846287.88,547978060632.90497,345,174650592401.516,33.53,5,1,False
PROJ_00207,2024-05-01,24405606498.5,403,7869499017.07,17083924548.949999,449,5508649311.948999,43.85,4,1,False
PROJ_00208,2025-04-02,39141990642.2,22,12477270933.27,27399393449.539997,20,8734089653.289,21.05,4,1,False
PROJ_00209,2025-09-03,190607267359.17,495,101816075599.46,133425087151.419,573,71271252919.622,30.36,1,4,False
PROJ_00210,2024-04-20,58625618175.12,98,27688074682.52,70910637074.89,120,28298359727.26,66.72,8,5,True
PROJ_00211,2025-09-27,148474926326.82,354,67430662885.82,163852585472.54,443,72903018208.32,90.33,11,4,True
PROJ_00212,2024-08-12,3398482633321.01,327,1165340839573.77,2378937843324.7065,404,815738587701.6389,37.45,6,2,True
PROJ_00213,2024-11-09,509758373051.89,285,210509351988.04,356830861136.323,338,147356546391.628,23.21,4,6,True
PROJ_00214,2025-08-15,2560185249348.72,410,1308830656469.64,3125280974569.95,486,1226400821815.0,93.52,5,3,True
PROJ_00215,2025-07-24,38523546617.87,322,16621122255.69,43966593395.91,374,15515450298.67,83.92,1,2,False
PROJ_00216,2024-10-14,33578939942.03,199,17081183509.69,41471935611.55,190,19213390099.25,61.08,2,6,True
PROJ_00217,2024-12-19,93567499603.17,442,34650635051.77,65497249722.218994,415,24255444536.238995,34.51,4,7,True
PROJ_00218,2025-03-10,1216495930321.54,92,478768798403.73,851547151225.078,77,335138158882.61096,34.0,3,5,True
PROJ_00219,2025-01-02,63216053091.41,151,27475823337.31,68895331758.35,141,26188793959.92,91.32,1,2,False
PROJ_00220,2024-01-29,123479981199.84,292,39103844991.47,86435986839.88799,260,27372691494.029,0.69,7,2,True
PROJ_00221,2024-06-07,2047314531394.45,223,720660684800.11,1433120171976.115,202,504462479360.07697,48.58,5,3,True
PROJ_00222,2024-05-15,83185948825.46,236,39095863469.1,94736049371.05,243,36578587499.36,65.7,3,3,False
PROJ_00223,2023-12-02,408717718028.95,458,208409889947.67,446342598557.97,545,202578835934.3,61.69,7,1,True
PROJ_00224,2024-09-08,338543939692.0,287,124569439018.71,383651556543.7,241,129553205195.58,61.4,6,3,True
PROJ_00225,2023-10-19,2080545662763.27,375,738181169849.92,1456381963934.2888,412,516726818894.944,13.96,5,2,False
PROJ_00226,2025-05-22,63391127648.11,68,31500501783.92,67052149656.52,66,33554303435.45,97.12,4,3,False
PROJ_00227,2025-04-17,1859886466740.92,369,736320899533.36,1301920526718.6438,462,515424629673.3519,43.82,7,2,True
PROJ_00228,2024-05-20,379275647147.92,203,177164264492.38,265492953003.54398,246,124014985144.666,23.14,11,4,True
PROJ_00229,2025-05-22,230780178724.09,13,122414681104.15,308428823604.25,11,141653065996.96,50.05,5,6,True
PROJ_00230,2024-05-10,228548735976.09,202,96005023723.09,289949835398.58,224,92817928028.41,78.33,3,4,False
PROJ_00231,2023-10-05,642627182963.53,39,342447763707.31,449839028074.471,35,239713434595.11697,13.05,7,2,True
PROJ_00232,2023-12-09,273353524132.22,218,100988426869.27,308167659933.16,237,91232011799.27,86.84,3,2,False
PROJ_00233,2025-09-21,118469248806.04,313,60338152692.48,82928474164.228,338,42236706884.736,36.41,1,1,False
PROJ_00234,2025-07-05,346903076570.89,72,109334112563.78,242832153599.623,65,76533878794.646,42.61,6,3,True
PROJ_00235,2023-11-27,321582098696.86,302,166662742624.79,225107469087.80197,267,116663919837.353,48.44,4,5,True
PROJ_00236,2024-05-19,22774833207.21,43,8154087263.83,29441954942.71,37,9143873463.9,64.15,5,5,True
PROJ_00237,2023-12-06,2675263425818.13,486,1596936767724.32,1872684398072.691,497,1117855737407.024,3.0,3,6,True
PROJ_00238,2023-10-30,331366807090.7,25,119443986674.65,434214180657.93,31,143044783556.06,93.44,4,1,False
PROJ_00239,2024-08-31,78349928553.73,115,42108312130.59,80880669336.16,143,49821648954.39,60.25,3,2,False
PROJ_00240,2023-12-09,911569883765.6,234,444480610231.83,979441059923.13,273,445545405219.26,74.71,2,2,False
PROJ_00241,2025-03-07,1052246976081.06,433,355571012062.54,736572883256.742,424,248899708443.77795,2.78,11,2,True
PROJ_00242,2024-05-28,574869060255.76,159,197171141331.67,719231092591.23,177,212558064647.75,71.47,9,2,True
PROJ_00243,2024-07-09,1876582880657.69,151,634680676214.51,1313608016460.3828,145,444276473350.157,12.63,8,1,True
PROJ_00244,2025-08-13,2411353034781.33,104,998285021999.38,2658900606198.17,134,1031459098522.4,60.71,3,1,False
PROJ_00245,2025-02-06,1624733255676.1,108,921866276081.78,1137313278973.27,100,645306393257.246,46.38,7,3,True
PROJ_00246,2024-05-04,390132485239.41,406,120046455071.17,273092739667.58698,434,84032518549.819,28.45,4,3,False
PROJ_00247,2025-04-02,1920605817082.5,471,603891656465.04,1344424071957.75,590,422724159525.528,29.57,6,4,True
PROJ_00248,2024-02-10,1488780898185.72,149,606806957722.61,1659848365764.35,171,606446311486.16,91.13,1,1,False
PROJ_00249,2025-05-04,76907352982.46,314,38671440256.79,53835147087.722,260,27070008179.753,30.72,7,1,True
PROJ_00250,2025-05-10,518939921959.76,367,215973622440.47,631529880435.41,316,219758071029.92,65.97,7,4,True
PROJ_00251,2025-01-24,698271473879.41,436,355741056338.45,488790031715.587,413,249018739436.91498,21.49,2,1,False
PROJ_00252,2024-06-02,1225042982396.08,386,513162894929.29,857530087677.256,468,359214026450.503,29.63,3,3,False
PROJ_00253,2025-01-24,9865846726609.04,231,4024656031999.86,6906092708626.327,288,2817259222399.902,30.7,5,5,True
PROJ_00254,2024-11-17,722297031034.86,432,429590768674.2,505607921724.402,540,300713538071.94,8.61,5,1,False
PROJ_00255,2024-04-09,210513830543.95,452,75588435185.73,147359681380.76498,364,52911904630.010994,44.12,3,3,False
PROJ_00256,2024-01-02,276754634501.04,233,101332683167.78,313320970191.56,195,104631073297.46,62.57,2,4,False
PROJ_00257,2024-01-05,182748292169.22,357,68210522752.62,200774297422.09,384,72039508254.68,59.8,7,0,False
PROJ_00258,2025-08-02,150979975205.89,336,49733151907.22,105685982644.123,297,34813206335.054,4.41,3,3,False
PROJ_00259,2024-12-12,353557935773.29,434,123682505324.45,247490555041.30298,359,86577753727.11499,5.91,4,2,False
PROJ_00260,2024-09-24,161364791137.74,489,49571508055.62,112955353796.41798,434,34700055638.934,33.54,5,2,False
PROJ_00261,2024-12-04,704091972982.94,379,281352294797.29,995244849648.38,340,321625193149.71,78.16,10,1,True
PROJ_00262,2024-11-21,1335596385739.16,298,734288898275.22,1372826787905.56,386,690646580141.88,80.42,3,3,False
PROJ_00263,2025-01-18,76796757771.0,55,23294266407.31,103131643639.18,50,25548475720.4,73.02,4,5,True
PROJ_00264,2023-11-22,129668489160.28,437,47073831428.08,137401124131.3,456,44247266165.14,74.23,3,5,True
PROJ_00265,2025-08-17,147300954141.26,410,74859114428.91,103110667898.882,354,52401380100.237,18.28,4,1,False
PROJ_00266,2025-07-28,86110524385.4,353,39301971932.1,113478895380.16,314,38541057635.29,89.66,1,8,True
PROJ_00267,2025-07-20,127183570330.32,43,54790498212.63,135460478463.7,42,59253284493.39,59.4,3,4,False
PROJ_00268,2024-01-06,1461610023165.79,118,788679995038.3,1679513596397.77,146,721457860725.21,93.28,1,8,True
PROJ_00269,2023-11-29,541247723099.44,126,162525230359.23,572235440171.5,133,179451231743.76,90.32,1,3,False
PROJ_00270,2024-11-13,426761494194.3,329,210683944390.63,539312948128.46,314,216633650226.3,93.45,6,4,True
PROJ_00271,2024-09-09,2264368795493.23,476,949866852810.72,1585058156845.261,568,664906796967.5039,0.68,8,1,True
PROJ_00272,2024-01-17,1088336977948.77,219,429983205931.84,1284565398525.97,209,490489930631.99,80.88,9,3,True
PROJ_00273,2024-06-08,269430602310.24,193,99874382707.46,343272211780.0,162,95715664342.52,94.36,7,5,True
PROJ_00274,2024-04-11,733902220342.97,426,261826029737.34,981841540189.89,427,305266662066.36,72.04,7,5,True
PROJ_00275,2024-04-09,1615528742150.66,273,821587222498.77,2140998326104.01,241,853446784502.49,62.96,7,2,True
PROJ_00276,2025-03-30,119467753248.58,356,44799435868.12,83627427274.006,418,31359605107.684,7.34,7,2,True
PROJ_00277,2024-12-30,1254563032143.75,496,694646603758.52,878194122500.625,534,486252622630.964,25.96,0,4,False
PROJ_00278,2024-02-18,1131232010438.5,166,380217342221.43,791862407306.95,135,266152139555.00098,6.76,5,3,True
PROJ_00279,2024-12-03,2140775829928.85,470,1116901464671.73,2258898570426.29,565,1112676625542.2,68.65,5,0,False
PROJ_00280,2024-04-02,25544281741.49,202,14456805613.97,17880997219.043,252,10119763929.779,39.86,6,0,False
PROJ_00281,2024-07-09,388796715055.55,464,138465005009.5,407598738352.75,440,137000025920.0,55.55,6,2,True
PROJ_00282,2025-01-13,82169590389.48,119,47226337316.7,83052992444.29,146,44184875446.64,71.79,2,1,False
PROJ_00283,2024-06-09,284617901299.7,286,158786506606.8,199232530909.79,270,111150554624.75998,16.88,2,6,True
PROJ_00284,2023-12-14,1324479777463.3,336,632659513397.64,1267092874039.31,428,609231681717.08,70.09,6,3,True
PROJ_00285,2024-12-24,1263936723442.34,64,527902558845.15,1574883826412.14,55,623674240852.3,94.78,4,3,False
PROJ_00286,2025-04-13,1924643947860.25,400,1051042721819.02,2594594817236.94,414,1094928624773.9,56.19,10,5,True
PROJ_00287,2024-01-06,538710164832.51,22,217034957995.04,444706836562.72,20,220516670254.81,68.39,2,1,False
PROJ_00288,2023-11-18,146262269716.13,238,81128340504.57,102383588801.291,224,56789838353.199005,39.73,4,3,False
PROJ_00289,2025-07-26,568617584785.45,221,326924829712.45,398032309349.81494,259,228847380798.715,32.78,7,2,True
PROJ_00290,2025-04-03,20572788434.75,101,10024548314.81,23678625586.39,82,11262053970.05,82.94,5,7,True
PROJ_00291,2023-10-13,187797331731.22,127,94298086176.59,131458132211.85399,163,66008660323.61299,45.04,6,3,True
PROJ_00292,2024-01-01,286720144814.13,295,111792357972.43,336847990493.51,288,111803343493.32,96.21,6,0,False
PROJ_00293,2024-05-27,72182650578.12,139,24971107954.69,82918262149.89,167,26948662723.81,72.81,7,2,True
PROJ_00294,2024-03-16,133512912758.06,57,63442103364.88,93459038930.642,53,44409472355.41599,20.7,4,4,True
PROJ_00295,2024-11-17,908175918984.06,431,506199524379.63,1099076247300.04,459,541291794427.49,66.69,6,2,True
PROJ_00296,2025-02-06,58230049594.7,115,29903074389.58,66071518845.9,93,29144903112.98,89.84,3,2,False
PROJ_00297,2025-02-01,30280596861.67,133,13801708545.82,21196417803.169,129,9661195982.074,19.76,3,3,False
PROJ_00298,2024-05-03,329165695811.54,138,170313252779.3,389070170862.0,132,187655705604.71,83.64,4,1,False
PROJ_00299,2024-11-11,70277409154.42,66,26071719499.11,49194186408.093994,69,18250203649.377,48.35,2,2,False
PROJ_00300,2023-11-27,390324176297.69,340,209830738803.55,273226923408.383,331,146881517162.485,40.23,6,4,True
PROJ_00301,2024-03-14,212172878883.5,352,112447124224.04,267609042739.88,367,131994959300.22,96.63,9,2,True
PROJ_00302,2024-10-20,1312855686055.65,22,518862432751.63,918998980238.9548,25,363203702926.141,22.03,8,3,True
PROJ_00303,2023-09-30,400321289247.83,468,228092932671.62,399210984476.94,551,237729262331.99,62.35,4,2,False
PROJ_00304,2024-10-31,760794141516.41,430,455451916139.46,532555899061.487,426,318816341297.622,45.03,5,4,True
PROJ_00305,2024-06-25,330086885374.67,334,189459608445.08,231060819762.26898,400,132621725911.55598,38.8,8,4,True
PROJ_00306,2025-01-05,256550532392.35,316,92626645719.29,281567379809.41,356,90977579687.07,95.46,3,5,True
PROJ_00307,2024-07-16,209180134537.41,264,90652823790.86,279696225427.29,263,83148361219.65,74.24,2,2,False
PROJ_00308,2024-12-04,1375189817595.57,432,419430338402.09,962632872316.8989,507,293601236881.463,33.89,4,3,False
PROJ_00309,2025-09-10,1860333131170.55,186,958403748770.75,2203949996632.13,199,982506916540.74,58.21,7,2,True
PROJ_00310,2025-04-19,224740134848.02,352,78104930427.75,157318094393.61398,294,54673451299.424995,6.22,7,4,True
PROJ_00311,2025-08-05,16767356646.03,240,9512826116.01,11737149652.221,196,6658978281.207,46.04,3,2,False
PROJ_00312,2025-02-07,159416738577.79,488,67644112134.4,197030732217.61,509,80064348683.53,93.58,4,6,True
PROJ_00313,2024-03-04,361201884537.74,34,212264463649.3,252841319176.41797,29,148585124554.50998,14.28,5,1,False
PROJ_00314,2024-04-09,25339304440.1,445,8478755275.03,31608078045.59,474,9381755628.9,86.97,6,6,True
PROJ_00315,2024-07-27,99508033741.57,475,38435312361.28,130230793764.6,563,36557315088.71,53.82,7,5,True
PROJ_00316,2024-05-07,31346673975.56,261,11657631679.87,21942671782.892,232,8160342175.909,3.24,5,2,False
PROJ_00317,2023-11-26,2029555865964.45,425,956650956123.15,2404092373116.17,545,1135966985033.54,86.34,6,3,True
PROJ_00318,2025-05-13,106071997496.56,13,58470584654.92,74250398247.592,11,40929409258.44399,32.3,3,1,False
PROJ_00319,2025-04-05,607046602127.66,360,271535544190.01,424932621489.362,409,190074880933.007,32.07,5,5,True
PROJ_00320,2023-11-29,3144330120294.5,391,1316296709259.71,3837845531371.69,484,1220035677254.45,68.72,6,2,True
PROJ_00321,2024-08-14,73760710174.26,220,31226102525.14,90976708944.89,205,32842919544.27,70.4,6,1,False
PROJ_00322,2023-11-25,686576812304.81,343,208567562800.95,822754862432.29,422,238773924441.2,64.45,5,3,True
PROJ_00323,2023-11-18,416125210815.75,22,239076224432.27,291287647571.02496,20,167353357102.589,15.64,7,2,True
PROJ_00324,2025-05-18,79763120881.92,425,39541991818.08,55834184617.343994,433,27679394272.656,5.27,4,4,True
PROJ_00325,2025-01-28,3574642999450.93,298,1563938640715.84,3931134926755.63,341,1780549555369.45,52.87,2,3,False
PROJ_00326,2025-02-23,9320074169.21,324,5342261840.85,6524051918.446999,392,3739583288.5950003,43.57,5,3,True
PROJ_00327,2025-03-24,654435939189.75,156,340814610451.2,458105157432.82495,188,238570227315.84,27.51,6,5,True
PROJ_00328,2024-03-07,87420993531.38,168,32916454461.88,107952645409.5,167,38823104768.29,76.79,4,6,True
PROJ_00329,2023-11-25,853460098495.64,396,378390245486.3,597422068946.948,435,264873171840.40997,35.53,5,1,False
PROJ_00330,2025-03-01,270551369919.68,320,121259431629.39,345421354428.94,259,135351903700.07,86.94,6,3,True
PROJ_00331,2023-12-19,13173707808162.5,258,6035073771012.56,16238919344874.95,335,6411715431788.5,58.25,8,2,True
PROJ_00332,2024-04-05,297712324156.55,314,145192804154.01,359961450970.91,280,135275424713.28,58.08,4,4,True
PROJ_00333,2023-12-07,530827893876.43,335,282967429800.54,371579525713.501,427,198077200860.37796,7.08,6,1,False
PROJ_00334,2025-05-29,874468982913.62,225,324091303362.23,612128288039.5339,256,226863912353.56097,49.44,6,2,True
PROJ_00335,2023-12-06,97700043120.96,308,56510122219.89,68390030184.672,374,39557085553.923,16.54,0,2,False
PROJ_00336,2025-08-19,750179358230.29,170,248341264520.86,843769915398.29,148,231304589899.06,65.66,7,1,True
PROJ_00337,2024-05-25,2508735028677.68,137,1071341753788.89,1756114520074.376,125,749939227652.223,45.24,5,1,False
PROJ_00338,2024-11-14,616450420319.95,252,338873468354.3,605710610248.54,240,382465773864.13,99.16,8,5,True
PROJ_00339,2024-01-28,398592396585.18,146,194207778126.65,279014677609.626,174,135945444688.65498,47.41,2,2,False
PROJ_00340,2025-05-03,182196229939.82,442,99643313529.31,127537360957.874,412,69750319470.517,23.5,4,4,True
PROJ_00341,2024-06-06,2886604499820.89,383,1721995674111.19,2020623149874.623,324,1205396971877.8328,34.43,3,2,False
PROJ_00342,2025-05-12,666403435071.36,188,233215581761.29,570207015926.84,229,241090335820.22,98.62,3,3,False
PROJ_00343,2025-05-28,1513125589368.8,180,617721255576.19,1954794065346.02,166,724627182504.28,75.28,4,6,True
PROJ_00344,2023-11-07,579062947488.11,445,176615047415.26,611543361671.19,525,166576750875.56,87.35,4,4,True
PROJ_00345,2025-06-23,56420657995.55,393,20305154003.58,78277688239.36,428,21915144221.94,75.05,6,2,True
PROJ_00346,2023-12-20,122696725121.55,27,44327497446.67,150429346615.5,24,52060546620.5,62.68,9,2,True
PROJ_00347,2024-11-30,566968298156.8,432,329106905316.13,627429922583.56,446,380427326533.13,63.71,5,1,False
PROJ_00348,2025-08-01,210076332310.53,499,125073727650.77,228212359052.65,621,115516595636.62,66.64,4,5,True
PROJ_00349,2025-05-17,56179303874.24,441,20573407278.41,59613702408.91,507,20364326265.72,53.33,5,2,False
PROJ_00350,2025-04-28,216896043648.83,38,75458112939.13,274675923047.94,45,78866041228.67,79.01,3,5,True
PROJ_00351,2025-03-16,681829120775.27,257,315419688336.69,841899127860.34,238,350244882184.17,96.82,4,5,True
PROJ_00352,2024-08-16,26287539408.0,189,12160736377.96,18401277585.6,233,8512515464.571999,45.96,5,2,False
PROJ_00353,2024-06-21,99816843386.2,287,37917369442.73,69871790370.34,229,26542158609.911,3.13,6,3,True
PROJ_00354,2024-04-24,388182325250.3,377,218325314838.77,271727627675.20996,464,152827720387.13898,12.89,5,4,True
PROJ_00355,2025-08-13,242180975711.87,483,123537573232.6,280223564735.47,466,129415294197.81,75.89,7,6,True
PROJ_00356,2024-08-14,34182251128.73,492,16454386557.45,41766089510.11,413,16282404147.84,52.78,5,4,True
PROJ_00357,2024-05-29,54241082382.65,282,19273514024.82,37968757667.854996,340,13491459817.373999,49.75,4,6,True
PROJ_00358,2024-06-25,650666174933.16,40,257512583515.68,725331383402.67,37,286024277961.18,90.59,3,5,True
PROJ_00359,2024-11-06,1203294365519.86,476,433937165187.52,842306055863.902,455,303756015631.264,11.01,7,2,True
PROJ_00360,2024-02-09,2657690271457.03,175,1305512593430.81,3446859980198.63,144,1199599284736.47,80.18,5,5,True
PROJ_00361,2025-08-15,1206862860978.77,220,603063518572.85,844804002685.1389,209,422144463000.99493,49.35,4,3,False
PROJ_00362,2025-07-19,93777303583.97,104,42535658390.94,89965499976.44,133,38562595841.51,52.7,3,2,False
PROJ_00363,2024-07-31,785135924680.15,380,256697551597.04,549595147276.105,425,179688286117.928,25.68,2,1,False
PROJ_00364,2025-01-08,391987539715.36,208,164931856642.36,450651676417.56,218,154540415285.54,92.0,4,1,False
PROJ_00365,2024-08-16,25968956552.76,270,8607429455.14,18178269586.932,222,6025200618.598,26.79,2,4,False
PROJ_00366,2023-12-11,351696419566.98,239,201663621999.59,357885579406.01,286,225063337727.5,55.41,8,4,True
PROJ_00367,2023-10-07,292123073872.56,128,112803158331.12,204486151710.792,131,78962210831.784,32.77,2,6,True
PROJ_00368,2025-01-09,964906273485.6,388,390789028991.53,1072274048789.38,419,441066481315.08,92.84,4,3,False
PROJ_00369,2025-06-25,82593120568.87,49,28286919227.6,57815184398.20899,56,19800843459.319996,10.25,7,4,True
PROJ_00370,2025-04-26,66347069626.5,145,28724181138.01,46442948738.549995,160,20106926796.607,37.62,6,5,True
PROJ_00371,2024-01-08,14021967842.13,311,6067314423.1,16943056454.27,268,6214933481.97,66.87,6,1,False
PROJ_00372,2023-12-12,551965111166.79,277,206566812933.84,641877268150.21,293,188235784194.47,64.52,4,3,False
PROJ_00373,2025-03-31,1064907677394.69,249,462436238077.21,1291683988505.37,313,501574726138.04,95.5,7,3,True
PROJ_00374,2024-05-03,622245694366.98,279,225753550351.91,435571986056.886,326,158027485246.337,3.94,6,3,True
PROJ_00375,2025-02-27,92450092500.74,474,47905838960.08,115865739279.6,477,47415979038.71,63.38,6,6,True
PROJ_00376,2024-06-25,100436625582.15,453,55940347708.11,70305637907.50499,461,39158243395.676994,39.61,7,1,True
PROJ_00377,2024-02-10,815620110608.4,95,424471986137.06,570934077425.88,82,297130390295.94196,25.21,4,6,True
PROJ_00378,2024-09-19,62135906179.81,132,28924661396.39,81788227244.2,128,28333688818.57,84.11,6,0,False
PROJ_00379,2023-12-07,522867079090.56,403,233211953396.04,665601003138.33,449,235062915628.24,70.23,6,7,True
PROJ_00380,2024-06-04,594312724758.63,281,265894995751.55,684661075547.29,228,256996513296.03,95.05,6,2,True
PROJ_00381,2024-10-10,123246462197.47,234,73333637426.83,145558677572.12,289,66670348240.3,84.11,3,3,False
PROJ_00382,2024-07-15,2470656505499.95,368,1468134144403.66,1729459553849.965,448,1027693901082.5619,15.57,4,1,False
PROJ_00383,2024-03-07,435766945219.79,212,251811370078.11,305036861653.85297,222,176267959054.67697,0.91,4,4,True
PROJ_00384,2024-12-19,401693093136.84,27,210117926544.03,567117280477.48,25,244666167328.3,75.03,4,2,False
PROJ_00385,2025-04-06,4126811649944.88,11,1952315509511.52,2888768154961.4155,12,1366620856658.064,15.48,6,2,True
PROJ_00386,2025-09-17,100328185824.73,353,45239295722.28,104397941830.05,391,47268891590.89,66.21,7,2,True
PROJ_00387,2024-08-02,1064613880654.42,21,399868405595.08,1233776703168.68,25,451542870213.83,92.08,6,3,True
PROJ_00388,2025-06-15,505782494056.18,97,241284161961.54,354047745839.326,113,168898913373.078,42.27,7,1,True
PROJ_00389,2025-07-28,443785331469.93,150,202988161501.65,581931934743.75,187,237268196284.51,63.94,5,4,True
PROJ_00390,2025-03-22,1117354962098.16,80,401578389156.83,782148473468.7119,95,281104872409.781,43.8,5,4,True
PROJ_00391,2023-10-06,2284231223003.64,391,922116987754.76,2451678557202.35,440,894413150558.83,80.77,2,4,False
PROJ_00392,2025-08-11,176789146957.71,174,81123554829.9,123752402870.39699,192,56786488380.92999,40.09,6,3,True
PROJ_00393,2025-04-17,1679721469733.58,138,972519306138.56,1899641149875.33,126,960225627833.7,54.51,7,1,True
PROJ_00394,2024-07-30,217249096018.72,346,102654787413.64,257086590200.33,278,105220213827.15,78.66,3,0,False
PROJ_00395,2025-08-07,638306880607.04,86,372217318608.6,446814816424.928,111,260552123026.01996,0.38,3,5,True
PROJ_00396,2024-01-12,667168262632.77,50,317708420423.27,467017783842.93896,64,222395894296.289,17.42,5,2,False
PROJ_00397,2024-02-12,1294518993702.98,254,730612621681.27,906163295592.0859,248,511428835176.889,32.83,4,4,True
PROJ_00398,2024-06-24,16302627118.37,326,6847248333.05,18966524623.03,423,6548556210.28,77.83,6,2,True
PROJ_00399,2024-01-24,5305782112085.73,489,2330857008495.88,3714047478460.011,585,1631599905947.1157,43.33,6,0,False
PROJ_00400,2024-01-15,190051228757.7,63,110367457715.87,214668195525.69,77,112165055273.78,59.76,6,3,True
PROJ_00401,2025-04-16,654917450603.49,334,227229349199.61,458442215422.443,336,159060544439.727,36.66,5,2,False
PROJ_00402,2024-03-05,114495762988.1,99,49184581428.1,80147034091.67,89,34429206999.67,38.61,7,3,True
PROJ_00403,2024-07-02,58915304267.72,82,34606484803.97,58373856739.62,97,33903152279.06,50.31,4,1,False
PROJ_00404,2024-07-12,112788331778.23,448,51961360962.23,126825916034.32,506,54725959733.65,85.45,0,3,False
PROJ_00405,2025-06-08,2162195017483.27,279,967628504335.92,2273263441327.43,251,881834063583.6,89.62,1,2,False
PROJ_00406,2024-04-30,45531458805.47,351,16814485130.31,57339356595.43,353,19846527540.55,80.19,6,3,True
PROJ_00407,2024-09-13,6558512954813.67,214,3258621499367.19,4590959068369.568,232,2281035049557.0327,38.22,6,1,False
PROJ_00408,2024-04-23,98630562337.0,210,55247479986.59,118920217968.1,247,57575166136.84,67.3,3,2,False
PROJ_00409,2025-08-31,248317597947.61,277,140612961765.62,307422293046.6,232,150894470947.35,64.13,6,6,True
PROJ_00410,2025-07-08,1422655005476.68,437,612899824748.83,1707144257258.73,452,580545747030.63,74.87,3,5,True
PROJ_00411,2024-06-24,100428862664.21,111,34938179661.28,110627453112.31,135,32505882718.09,89.63,6,3,True
PROJ_00412,2025-02-26,58651031837.69,338,31775472319.89,41055722286.382996,277,22242830623.922997,27.97,4,7,True
PROJ_00413,2025-02-09,67101097050.24,137,36411597851.4,46970767935.168,173,25488118495.98,25.94,8,1,True
PROJ_00414,2024-06-11,1533194043445.57,23,554335724621.65,1073235830411.8989,25,388035007235.15497,48.71,7,6,True
PROJ_00415,2023-11-19,52638055522.37,364,24030481322.99,36846638865.659,458,16821336926.093,1.34,2,1,False
PROJ_00416,2023-12-31,251553632639.68,201,133205692536.47,176087542847.77597,169,93243984775.52899,43.28,2,3,False
PROJ_00417,2025-07-08,105516407007.92,437,41455309570.9,73861484905.54399,372,29018716699.63,32.01,8,5,True
PROJ_00418,2024-12-04,626059324892.23,341,338893628270.36,438241527424.561,328,237225539789.25198,6.58,7,1,True
PROJ_00419,2024-07-07,202164563972.96,335,92620520062.34,190451170757.72,363,84647825886.64,76.4,0,6,False
PROJ_00420,2023-11-12,2895286237340.72,105,1058857573879.27,2026700366138.504,117,741200301715.489,44.3,7,4,True
PROJ_00421,2023-10-01,251009547707.6,193,85245491322.08,303294520695.27,249,80166921235.99,75.62,6,4,True
PROJ_00422,2024-09-03,258943017214.38,418,149323891728.86,254177328855.24,529,176828168412.67,59.26,6,3,True
PROJ_00423,2024-02-08,78483080964.34,147,25492991380.73,93066635817.12,125,23030362752.92,91.51,8,3,True
PROJ_00424,2025-07-11,634699776718.85,22,215461274240.04,444289843703.19495,23,150822891968.02798,30.23,6,1,False
PROJ_00425,2024-06-22,11129086734293.81,448,3888207354413.86,11850203014982.78,478,3696664379396.67,75.37,5,1,False
PROJ_00426,2024-03-11,126624154873.04,244,48064696523.69,118039085827.04,276,43264016898.84,90.4,3,3,False
PROJ_00427,2024-12-23,166953882293.63,471,72406503057.47,153350377523.3,393,79499513610.75,89.56,2,0,False
PROJ_00428,2025-04-14,3143430581476.07,74,1514517898074.43,3334667120347.23,94,1745844198753.32,57.03,2,3,False
PROJ_00429,2025-09-19,183799872462.34,98,58682854424.03,220601760817.8,90,65382692345.93,64.28,8,1,True
PROJ_00430,2024-12-08,7820862511.68,302,4614775514.34,8673767723.49,314,5126369219.66,52.66,4,4,True
PROJ_00431,2025-04-24,930795952987.65,228,306564256526.29,964668393049.46,291,289027648433.54,57.62,2,4,False
PROJ_00432,2023-10-07,2261999564782.01,128,1010654221982.6,2631954667443.1,151,1208215628324.33,51.26,6,2,True
PROJ_00433,2024-01-20,577039128013.94,458,286460234891.99,403927389609.75793,434,200522164424.39297,39.01,5,3,True
PROJ_00434,2023-12-14,172305465518.6,150,82128207966.0,120613825863.01999,180,57489745576.2,8.92,6,4,True
PROJ_00435,2025-09-04,229289723705.06,284,77631509920.83,160502806593.542,237,54342056944.581,1.84,5,3,True
PROJ_00436,2024-02-27,17619153245.68,266,9647199320.49,12333407271.976,268,6753039524.342999,48.53,3,3,False
PROJ_00437,2025-04-08,100121630652.53,460,31691789300.42,111522479627.9,376,37191787717.91,88.79,6,1,False
PROJ_00438,2023-11-03,218485329453.86,228,128183559626.28,286224967531.24,215,153194678892.58,77.21,7,1,True
PROJ_00439,2024-10-10,291375359709.91,183,129323017929.9,203962751796.93698,226,90526112550.93,36.73,7,1,True
PROJ_00440,2025-05-16,294220382170.06,147,100637972864.09,235376305736.05,123,112204888292.63,54.42,1,1,False
PROJ_00441,2025-04-15,716147345085.23,257,421399197293.5,777266149789.08,314,406167734184.27,59.93,4,2,False
PROJ_00442,2024-02-26,698162925247.41,427,412931888051.85,488714047673.187,413,289052321636.295,27.62,6,4,True
PROJ_00443,2024-12-11,1083835927120.09,124,559636275355.78,1398036580869.1,101,536536621487.81,65.78,8,3,True
PROJ_00444,2024-02-05,581222326474.66,290,207822991530.7,406855628532.262,327,145476094071.49,6.12,3,5,True
PROJ_00445,2023-11-09,96625334896.38,490,44715560911.26,67637734427.465996,595,31300892637.882,23.3,4,2,False
PROJ_00446,2024-08-08,167680223969.95,125,77583961602.3,117376156778.965,141,54308773121.61,14.81,1,4,False
PROJ_00447,2024-10-05,6481551927452.24,17,2376296748747.31,8162162283653.31,20,2361476013268.1,82.46,8,3,True
PROJ_00448,2023-11-07,628451031274.73,47,340447048983.14,726350331048.52,59,404617701143.24,60.25,4,1,False
PROJ_00449,2024-09-28,772243966504.69,277,268100478057.92,848784538611.22,266,291423699553.49,69.06,10,0,True
PROJ_00450,2024-04-30,17138472510.81,107,6970769061.88,11996930757.567,124,4879538343.316,21.29,6,5,True
PROJ_00451,2025-08-26,655233246007.86,78,255346888399.74,458663272205.50195,100,178742821879.818,31.66,4,2,False
PROJ_00452,2024-06-09,1006033147770.01,362,592963124042.87,704223203439.007,302,415074186830.009,7.36,5,4,True
PROJ_00453,2025-08-10,776142894561.67,152,262377572141.3,543300026193.169,158,183664300498.90997,46.19,5,4,True
PROJ_00454,2024-01-11,217619087244.7,325,83531091587.36,221130422591.97,326,79623744437.77,58.19,2,2,False
PROJ_00455,2024-09-24,417689438153.78,459,142814772982.12,292382606707.646,577,99970341087.484,9.61,5,2,False
PROJ_00456,2025-04-23,135351509783.73,121,67981552779.33,94746056848.611,152,47587086945.531,13.35,4,0,False
PROJ_00457,2024-11-17,2356524439600.04,264,1007666225580.87,1649567107720.0278,261,705366357906.609,24.72,6,4,True
PROJ_00458,2025-06-24,343106526424.79,38,191239041912.84,240174568497.35297,46,133867329338.98799,29.85,8,3,True
PROJ_00459,2024-03-04,76803791344.18,390,28094528902.9,53762653940.925995,363,19666170232.03,42.89,2,2,False
PROJ_00460,2024-05-27,111449478716.45,366,66559163079.85,78014635101.515,408,46591414155.895,24.76,6,4,True
PROJ_00461,2024-03-12,4752066915260.64,63,2069485693052.18,5578809755304.87,64,2238582897474.25,85.67,4,3,False
PROJ_00462,2024-03-27,80909541779.59,215,34252624049.52,56636679245.713,261,23976836834.663998,23.66,6,3,True
PROJ_00463,2024-11-23,446698819434.15,192,165012604949.48,312689173603.90497,213,115508823464.636,13.64,2,0,False
PROJ_00464,2023-10-23,49107217120.34,144,23567109587.28,48269649129.28,145,26489461564.38,77.65,4,2,False
PROJ_00465,2024-03-29,341026621309.39,492,113015605102.53,378190070472.44,456,131717204122.11,82.26,4,6,True
PROJ_00466,2024-09-02,38499007138.2,64,20315877124.86,26949304996.739998,74,14221113987.402,47.86,2,3,False
PROJ_00467,2024-11-22,1391402696137.1,210,701510353970.88,973981887295.97,257,491057247779.61597,12.13,4,2,False
PROJ_00468,2025-08-13,131933694518.64,151,68401684535.85,92353586163.04799,163,47881179175.09499,32.41,3,3,False
PROJ_00469,2024-06-08,165207813731.18,449,56544122343.98,192097482590.25,367,65798379021.68,62.49,6,4,True
PROJ_00470,2024-06-27,102305881312.14,333,58249841474.87,71614116918.498,269,40774889032.409,12.85,4,1,False
PROJ_00471,2024-03-09,228324832967.06,338,120382148235.34,293871043410.38,316,119714309804.11,73.17,4,7,True
PROJ_00472,2025-09-15,194319218481.48,345,73426456749.49,136023452937.036,417,51398519724.643,29.24,5,1,False
PROJ_00473,2024-01-16,176968192900.57,87,76884053342.6,218741797956.94,105,74446041616.27,63.67,8,3,True
PROJ_00474,2024-10-23,2637845476097.43,373,1299568578531.35,1846491833268.201,429,909698004971.9451,24.56,3,5,True
PROJ_00475,2023-11-06,512324586708.93,44,226182375840.67,564773205119.81,54,211885029363.22,71.1,6,2,True
PROJ_00476,2025-01-21,16474747106.21,30,9715091685.84,11532322974.346998,31,6800564180.087999,1.49,6,5,True
PROJ_00477,2024-05-12,188313125538.75,301,106941023639.44,131819187877.12498,288,74858716547.608,44.79,5,2,False
PROJ_00478,2024-04-19,3100269857242.91,456,1473952129184.59,3488293033509.38,586,1619886336118.36,81.62,5,4,True
PROJ_00479,2025-01-11,30097643570.72,176,11853301340.27,32310870487.47,214,10782912427.51,82.68,6,1,False
PROJ_00480,2024-09-20,18336412878071.69,495,10841796759744.47,12835489014650.184,631,7589257731821.129,37.36,5,3,True
PROJ_00481,2024-08-05,683227500645.45,328,279970116582.2,478259250451.81494,341,195979081607.54,24.16,5,3,True
PROJ_00482,2024-05-18,470665509436.12,231,192481831011.5,329465856605.284,269,134737281708.04999,5.23,6,2,True
PROJ_00483,2024-05-13,169035660513.61,262,67689570169.3,118324962359.52698,255,47382699118.51,33.03,1,2,False
PROJ_00484,2023-10-22,4350079920911.53,89,1391014831488.75,3045055944638.071,78,973710382042.1249,19.13,5,1,False
PROJ_00485,2025-08-03,14627302317.59,221,4853889269.56,19298289233.21,211,5135549718.86,68.86,7,4,True
PROJ_00486,2024-04-12,110186883957.79,361,51171499523.81,124207317460.5,395,60073385103.46,70.27,5,3,True
PROJ_00487,2024-11-09,48745927854.2,163,16135555420.49,34122149497.939995,156,11294888794.342999,18.07,3,2,False
PROJ_00488,2024-08-29,163194514642.92,242,83034906684.82,114236160250.044,196,58124434679.374,34.25,2,4,False
PROJ_00489,2024-07-09,1252564005876.17,148,423705384171.37,1310135877633.96,153,446632573874.41,90.33,6,5,True
PROJ_00490,2023-12-08,155193746083.68,266,55922663880.78,108635622258.57599,326,39145864716.546,17.86,5,4,True
PROJ_00491,2024-07-09,593332626433.25,81,274749729751.87,632050211503.36,87,280112882936.87,71.17,5,2,False
PROJ_00492,2024-09-21,95965660496.21,26,42108367345.68,110040504782.1,31,44825211040.23,78.51,7,3,True
PROJ_00493,2025-07-15,131225704061.89,244,74489729612.71,91857992843.323,253,52142810728.897,47.05,4,6,True
PROJ_00494,2025-03-02,1103451556724.48,251,459521282751.8,772416089707.136,275,321664897926.25995,17.08,4,5,True
PROJ_00495,2024-11-10,100373529594.95,28,52583313657.86,70261470716.465,34,36808319560.502,17.56,3,5,True
PROJ_00496,2025-08-23,113817526332.13,47,52013214001.92,79672268432.491,37,36409249801.343994,34.41,9,5,True
PROJ_00497,2025-03-30,5654631428.54,396,2262669515.88,6279743050.2,511,2246646320.15,72.77,3,3,False
PROJ_00498,2024-09-01,97172962060.41,216,32504674638.4,109396843177.59,219,34326698853.14,69.48,6,5,True
PROJ_00499,2023-10-26,111016110252.51,21,35050195715.56,116299779837.86,20,31919324496.22,90.78,6,1,False
PROJ_00500,2024-01-24,582713976683.84,498,215298186741.06,407899783678.6879,475,150708730718.74197,18.12,7,2,True
PROJ_00501,2024-06-21,1044747360226.62,134,602692836898.79,1188829932509.5,118,630862826368.49,88.41,3,3,False
PROJ_00502,2024-03-28,814591483656.37,464,375710023503.74,570214038559.459,577,262997016452.61798,2.25,5,4,True
PROJ_00503,2025-05-14,456967895259.02,206,154579873723.34,584164081588.91,267,165231027249.03,85.93,8,1,True
PROJ_00504,2024-06-25,42762012944.37,480,23453417285.34,29933409061.059002,590,16417392099.737999,17.05,9,2,True
PROJ_00505,2023-11-06,78079885456.25,462,30309706816.48,54655919819.375,555,21216794771.536,21.58,2,0,False
PROJ_00506,2024-01-17,892876046085.93,24,447531046309.91,1055496270857.66,27,458947076176.55,84.74,1,5,False
PROJ_00507,2025-05-30,960677313329.44,275,541648216262.56,672474119330.6079,344,379153751383.792,48.77,3,3,False
PROJ_00508,2024-12-15,9151682311574.05,262,5480062465006.5,6406177618101.835,297,3836043725504.55,18.0,3,3,False
PROJ_00509,2024-09-15,286243631374.99,300,155342508037.8,324775132301.53,347,149768975185.26,80.04,6,3,True
PROJ_00510,2024-08-14,186086038054.82,117,83713548742.44,130260226638.374,103,58599484119.708,11.21,7,3,True
PROJ_00511,2024-12-17,362017279673.92,320,131865835218.44,253412095771.74396,385,92306084652.90799,6.01,4,0,False
PROJ_00512,2025-06-09,28440462245.21,37,12086561331.35,33731209130.84,35,10899385672.35,64.85,3,1,False
PROJ_00513,2025-03-04,133409467865.64,209,58880504485.55,149827816182.21,242,67229232369.92,57.34,6,1,False
PROJ_00514,2024-01-24,1409588395475.71,126,736955999694.01,1487178356661.36,142,710515550275.24,84.66,1,8,True
PROJ_00515,2024-10-26,86502708062.6,100,45240905423.43,60551895643.82,100,31668633796.400997,25.21,4,2,False
PROJ_00516,2025-05-10,339378675753.92,329,164679709640.43,397983086526.07,395,160721179043.08,76.07,8,4,True
PROJ_00517,2024-04-09,731325333988.2,414,393151946219.61,511927733791.7399,532,275206362353.727,12.72,3,3,False
PROJ_00518,2024-06-14,116728590216.95,371,63453013472.09,81710013151.86499,317,44417109430.463,31.95,3,1,False
PROJ_00519,2023-11-12,332209559692.81,259,171084461953.92,232546691784.96698,335,119759123367.744,43.73,3,3,False
PROJ_00520,2025-09-22,212548744796.59,142,97045609882.19,148784121357.61298,167,67931926917.533,15.53,3,2,False
PROJ_00521,2024-12-17,31058393052.79,33,18567986769.5,21740875136.953,33,12997590738.65,12.72,4,2,False
PROJ_00522,2023-09-29,921541274088.21,112,361830000931.99,645078891861.747,99,253281000652.39297,29.24,5,1,False
PROJ_00523,2025-03-13,348069190671.06,22,107448619201.25,385752181274.38,25,110177788886.71,68.98,3,6,True
PROJ_00524,2025-04-01,5992168701285.01,352,2943459623353.74,7821386281590.77,344,2655535825757.09,71.64,4,7,True
PROJ_00525,2025-08-31,277420628859.74,269,91520837039.07,194194440201.818,293,64064585927.349,27.25,3,1,False
PROJ_00526,2025-08-14,256971272964.23,150,103188867966.68,179879891074.961,180,72232207576.676,2.05,5,2,False
PROJ_00527,2024-04-16,225166825414.29,70,123561316349.1,157616777790.003,60,86492921444.37,44.38,4,3,False
PROJ_00528,2024-10-04,42245618204.82,235,14033587251.32,29571932743.373997,224,9823511075.924,20.6,3,3,False
PROJ_00529,2024-12-12,90834587820.05,142,52615235723.17,63584211474.034996,174,36830665006.218994,24.58,3,3,False
PROJ_00530,2023-12-08,166693066709.41,232,81930063216.73,211260731215.99,266,89600323150.98,65.46,8,2,True
PROJ_00531,2025-08-08,72860822869.57,182,38358436946.24,93779097806.79,164,38439582351.67,64.87,2,5,False
PROJ_00532,2024-08-31,19639978479.59,341,11499789820.27,21966518294.96,341,10907313596.91,79.08,3,4,False
PROJ_00533,2025-06-27,525435357780.84,385,215474393229.63,367804750446.588,434,150832075260.741,8.39,2,2,False
PROJ_00534,2024-08-14,306057174292.13,93,101115032831.8,376066331297.13,75,106794781852.04,87.26,4,2,False
PROJ_00535,2025-08-07,2425272941109.47,159,1262876960018.99,1697691058776.6292,158,884013872013.293,21.17,4,0,False
PROJ_00536,2024-02-02,338417593439.29,147,132767061914.11,236892315407.50296,185,92936943339.877,11.16,10,3,True
PROJ_00537,2024-07-31,170539455150.41,422,72796560969.5,215966091361.17,421,86917225097.83,51.72,7,3,True
PROJ_00538,2025-02-28,743790950681.97,137,230883753155.65,520653665477.37897,122,161618627208.955,10.21,8,1,True
PROJ_00539,2024-08-09,211594119214.61,325,123357153820.91,223978411979.64,381,130295336950.51,52.78,10,7,True
PROJ_00540,2025-08-10,1217665575283.84,106,656046482917.45,852365902698.688,111,459232538042.21497,47.51,5,2,False
PROJ_00541,2024-11-19,659914856742.03,435,296398213778.74,461940399719.421,556,207478749645.11798,13.48,4,5,True
PROJ_00542,2024-08-27,222311825303.83,74,75501551720.39,155618277712.68097,60,52851086204.272995,26.59,3,4,False
PROJ_00543,2024-11-13,180637059103.05,449,92238549124.93,187633502329.67,568,105422809907.7,72.09,1,3,False
PROJ_00544,2025-09-10,961421220348.35,360,541330871221.03,672994854243.845,401,378931609854.721,12.61,7,2,True
PROJ_00545,2024-07-26,152076517528.91,335,84245265236.55,106453562270.237,288,58971685665.585,12.75,5,4,True
PROJ_00546,2025-04-17,4103328826015.81,116,1420648334154.76,4460248813543.89,118,1359078592960.21,62.51,3,3,False
PROJ_00547,2024-02-05,480080595603.04,356,150121369195.73,454919746260.34,365,157939545209.77,63.35,4,2,False
PROJ_00548,2024-04-11,1513397570245.53,473,801494943495.59,2003188722190.01,444,960993865968.72,78.63,6,3,True
PROJ_00549,2024-12-01,343637859830.49,366,177472987109.51,240546501881.343,341,124231090976.657,8.81,8,6,True
PROJ_00550,2025-08-08,335872124851.94,110,118848377626.7,457144618263.06,121,124750607494.89,76.56,6,6,True
PROJ_00551,2024-10-20,316716756815.68,127,184547776143.64,388746158303.46,130,203408634773.89,75.51,7,3,True
PROJ_00552,2025-08-21,1992880258642.0,140,632717881606.0,2420482436348.61,171,699805172881.04,99.84,7,3,True
PROJ_00553,2024-03-24,2239151058521.93,303,1148212348037.31,1567405740965.351,360,803748643626.117,5.0,5,2,False
PROJ_00554,2025-06-19,5952684499220.77,484,3350731525316.23,4166879149454.5386,499,2345512067721.361,29.8,1,5,False
PROJ_00555,2025-05-02,1056482961252.88,223,407707149796.99,1065820442687.28,213,368476960951.38,76.42,4,1,False
PROJ_00556,2024-08-01,213215305281.87,365,76682577319.69,222441947843.51,340,81152200549.91,50.84,4,1,False
PROJ_00557,2024-11-16,1097237802991.74,464,531971276367.13,768066462094.2179,504,372379893456.99097,37.52,5,5,True
PROJ_00558,2025-04-11,225885616116.91,121,79366136234.38,158119931281.837,134,55556295364.066,10.45,3,4,False
PROJ_00559,2023-09-28,544414846564.84,69,273275169859.9,626388445493.05,84,271923409612.5,82.52,5,4,True
PROJ_00560,2024-08-04,130848702618.08,490,47379777547.61,161762121072.56,437,44059301399.12,91.82,5,5,True
PROJ_00561,2024-07-17,338129544437.19,481,173503539043.79,236690681106.033,613,121452477330.653,16.93,4,2,False
PROJ_00562,2024-04-30,840641158490.42,408,274516998031.44,963677085942.45,473,290667031271.48,60.9,4,3,False
PROJ_00563,2024-12-11,28660991585.52,437,16905111572.59,30510784452.02,398,15320757903.53,83.22,5,3,True
PROJ_00564,2025-05-13,3795834107317.2,274,1177227635683.16,4553869660737.88,223,1225581937785.97,59.32,4,1,False
PROJ_00565,2025-06-10,2631105563841.08,102,1296502395224.25,1841773894688.7559,89,907551676656.975,27.51,8,4,True
PROJ_00566,2025-07-29,66202000246.83,371,34119260178.57,80447599788.23,471,38938976629.85,74.28,2,2,False
PROJ_00567,2024-08-22,190958144397.97,287,101236544675.81,194299914051.06,360,106905734202.85,65.98,6,1,False
PROJ_00568,2025-01-16,120982411622.14,496,60020536789.21,160920025916.74,414,61034717405.18,77.39,7,6,True
PROJ_00569,2024-12-23,118958841261.17,172,64343634603.84,83271188882.819,181,45040544222.687996,42.71,10,4,True
PROJ_00570,2024-12-23,1946132298852.6,38,928208419453.79,1362292609196.82,45,649745893617.653,20.06,3,4,False
PROJ_00571,2025-08-19,89918054622.36,242,43167491887.47,62942638235.65199,210,30217244321.229,11.81,3,5,True
PROJ_00572,2024-05-03,117651793303.72,104,53236672707.79,82356255312.60399,105,37265670895.452995,2.4,5,5,True
PROJ_00573,2025-03-04,1021819850248.48,244,429423440675.02,715273895173.9359,253,300596408472.514,20.68,9,3,True
PROJ_00574,2025-01-24,211053722372.2,290,108806225215.05,243978093476.14,252,122347001054.27,77.01,6,1,False
PROJ_00575,2024-03-19,3069175644107.43,399,1315354714509.36,3879398072023.36,474,1410800125089.94,72.66,8,6,True
PROJ_00576,2025-08-02,737861675041.96,68,253875307023.61,912957398852.3,72,304281696561.85,97.09,8,3,True
PROJ_00577,2023-12-23,3810352925052.44,218,2178747400588.32,2667247047536.708,174,1525123180411.824,4.13,2,2,False
PROJ_00578,2024-07-14,663190697500.81,41,251590600075.29,946140538054.76,49,245440721636.82,51.4,7,7,True
PROJ_00579,2025-03-08,1080423444253.97,76,486745720106.07,756296410977.7789,66,340722004074.24896,27.47,10,4,True
PROJ_00580,2025-08-07,91275813503.21,345,50904148539.86,104827395127.09,375,58993257237.81,99.16,5,4,True
PROJ_00581,2025-07-07,95047398878.65,465,38094150808.69,66533179215.05499,537,26665905566.083,15.45,8,2,True
PROJ_00582,2025-06-23,145920944973.26,224,46322651787.84,102144661481.282,259,32425856251.487995,37.22,6,4,True
PROJ_00583,2024-09-05,802838955713.71,89,432102527811.24,1064030485267.71,72,405436165444.31,96.89,6,6,True
PROJ_00584,2024-01-01,248749380235.04,195,144657829929.4,174124566164.52798,207,101260480950.57999,12.25,1,4,False
PROJ_00585,2024-05-25,123183448566.07,39,59863384806.89,86228413996.249,33,41904369364.823,8.27,5,1,False
PROJ_00586,2025-08-16,14508808184388.15,103,7280724281002.5,10156165729071.705,110,5096506996701.75,38.71,5,3,True
PROJ_00587,2024-08-10,4243338863186.63,496,1499051112890.18,2970337204230.6406,505,1049335779023.1259,30.37,9,2,True
PROJ_00588,2024-05-15,44294687861.58,184,17187087589.0,31006281503.106,177,12030961312.3,3.34,5,5,True
PROJ_00589,2024-04-18,148879418076.46,168,58825528312.09,199589569532.13,186,60299130418.66,93.93,4,1,False
PROJ_00590,2024-02-25,16885034418.09,119,6383613696.5,11819524092.663,95,4468529587.55,17.7,2,5,False
PROJ_00591,2023-10-23,49640727914.84,116,19526581459.15,61997313054.81,114,17722992028.17,77.0,3,3,False
PROJ_00592,2023-11-14,1079167380062.87,86,472742205139.96,1261480083205.95,93,458081724610.1,90.38,6,1,False
PROJ_00593,2024-06-04,606077706726.46,223,341350453222.92,633872238290.79,242,333762929213.34,74.29,5,2,False
PROJ_00594,2025-01-26,2308358714009.46,104,714711843928.93,2561267531519.8,95,679292387198.05,61.23,5,5,True
PROJ_00595,2025-06-14,368533834276.82,406,155668068287.84,257973683993.774,451,108967647801.48799,21.13,7,0,False
PROJ_00596,2023-12-11,1926923002873.95,452,632537735888.39,2198417332187.18,547,662842958147.3,75.43,1,2,False
PROJ_00597,2025-01-06,526924847687.62,37,226809773893.09,368847393381.334,35,158766841725.163,20.08,2,4,False
PROJ_00598,2024-11-25,126327491081.56,425,67607641437.29,144115310494.32,531,77760617647.33,51.93,5,3,True
PROJ_00599,2025-07-03,7872649766418.39,149,3333824159742.39,9429739883207.1,136,3476132392223.87,51.88,3,2,False
PROJ_00600,2025-05-09,1658486643779.74,24,877000717896.37,1160940650645.8179,26,613900502527.459,42.74,7,3,True
PROJ_00601,2024-04-14,1365702202648.45,284,510024034945.34,1910491081556.67,327,503635124531.42,71.66,9,7,True
PROJ_00602,2025-09-10,77918431569.93,486,29462455604.49,54542902098.95099,590,20623718923.143,1.85,6,5,True
PROJ_00603,2024-10-25,36653980805.48,309,14695429963.41,44846641441.54,385,14038243323.54,72.62,3,7,True
PROJ_00604,2025-02-15,115531694187.71,22,58231775964.36,121665399211.54,28,53956975026.53,66.91,4,3,False
PROJ_00605,2024-11-10,308639483127.3,125,97088720947.42,438847257995.08,109,94690235909.04,60.37,11,6,True
PROJ_00606,2024-06-03,1076278002489.9,460,441699673893.18,753394601742.9299,368,309189771725.22595,7.76,1,0,False
PROJ_00607,2024-02-26,26142053060.94,222,9354694184.9,18299437142.657997,267,6548285929.429999,38.94,5,5,True
PROJ_00608,2025-07-30,22597149193.05,325,10710790978.05,15818004435.134998,374,7497553684.634999,8.9,5,3,True
PROJ_00609,2025-09-01,152352183192.06,355,46072756556.58,106646528234.44199,415,32250929589.606,49.21,5,3,True
PROJ_00610,2023-10-03,31937669772.51,403,17424003715.28,22356368840.756996,496,12196802600.696,36.63,8,5,True
PROJ_00611,2024-01-15,204193187532.69,350,80219866057.87,243813763499.86,349,87720659753.51,56.91,7,4,True
PROJ_00612,2024-12-06,1990050276096.74,133,949606016261.79,2189786763770.25,134,1013980341424.8,61.02,4,3,False
PROJ_00613,2024-05-09,234760651905.04,237,122949199468.4,164332456333.52798,287,86064439627.87999,20.53,6,7,True
PROJ_00614,2024-03-26,34152811036.12,321,12977960873.29,45726745071.58,340,13646550897.16,71.61,10,1,True
PROJ_00615,2025-09-09,646943431267.92,176,295047483936.41,739083718219.32,181,346121355239.49,69.6,3,4,False
PROJ_00616,2025-03-11,319586712912.53,441,129953866006.15,223710699038.771,559,90967706204.305,25.15,3,1,False
PROJ_00617,2025-01-15,59845092179.74,378,22181070250.93,41891564525.81799,307,15526749175.651,13.77,5,0,False
PROJ_00618,2023-11-18,1525730218574.81,225,786915857332.38,1673600788255.18,276,761082873851.38,88.17,4,4,True
PROJ_00619,2025-04-20,402605854088.38,36,226291819157.54,281824097861.86597,39,158404273410.27798,43.23,5,3,True
PROJ_00620,2024-06-09,124949822152.24,450,59680654567.95,139130814831.55,445,63445202268.31,81.95,3,4,False
PROJ_00621,2024-01-30,65343164802.05,484,34304906376.53,72581900057.18,398,38131067882.97,50.99,4,2,False
PROJ_00622,2025-01-07,236716954520.11,393,93032633466.11,165701868164.07697,388,65122843426.27699,25.15,4,4,True
PROJ_00623,2024-02-11,50848767498.58,382,28917458601.93,58559515941.68,396,27706108801.08,80.27,5,3,True
PROJ_00624,2025-01-15,824314974267.99,342,327719901680.21,880803362431.38,309,384536905739.6,92.34,3,6,True
PROJ_00625,2025-08-11,324828254613.86,87,125781023133.24,433896621661.98,102,123223046595.41,61.48,9,4,True
PROJ_00626,2025-03-24,1309738092868.99,209,493624503140.43,1593774623500.14,223,484933976149.32,52.85,6,4,True
PROJ_00627,2025-04-22,1015714667486.58,387,319330806089.78,1170530568565.67,485,307996724600.8,88.2,3,2,False
PROJ_00628,2025-05-29,143275933996.94,52,75158172957.16,100293153797.858,44,52610721070.012,43.71,4,2,False
PROJ_00629,2024-08-17,747959669864.01,225,278981909878.63,835029564542.44,229,264956011952.84,72.54,6,2,True
PROJ_00630,2024-12-24,4648713191530.12,171,2409661639307.74,3254099234071.084,144,1686763147515.418,9.39,5,5,True
PROJ_00631,2025-06-16,922638650149.64,454,379887866751.05,645847055104.7479,407,265921506725.735,45.57,6,3,True
PROJ_00632,2025-02-25,113466953269.69,273,36733653798.23,132999562035.23,317,36199596505.1,65.65,2,3,False
PROJ_00633,2024-12-07,321295309089.56,94,164814414533.74,224906716362.692,85,115370090173.61798,4.79,7,4,True
PROJ_00634,2025-04-11,1574929171128.93,342,681555078532.64,1102450419790.251,388,477088554972.84796,49.38,6,5,True
PROJ_00635,2024-12-27,56460651499.04,325,29872998141.18,39522456049.327995,383,20911098698.826,9.7,5,4,True
PROJ_00636,2024-03-08,712428190941.03,212,349543739951.22,498699733658.721,180,244680617965.85397,15.59,5,4,True
PROJ_00637,2025-01-26,356313413471.86,25,210197402575.36,454002580188.69,26,212822634599.82,57.5,7,4,True
PROJ_00638,2024-12-31,2070094835919.4,201,799331377138.79,1449066385143.5798,181,559531963997.153,10.46,5,3,True
PROJ_00639,2024-06-19,282733313950.2,27,137592189075.6,356366293447.78,26,148607924871.01,58.52,5,2,False
PROJ_00640,2024-06-07,5963728588472.73,28,2942811287552.7,4174610011930.911,35,2059967901286.89,23.44,6,2,True
PROJ_00641,2025-07-11,649565048862.98,189,322750664156.01,897255177950.24,161,338420685821.05,60.88,5,4,True
PROJ_00642,2024-07-07,34598524487.95,25,20457870788.52,38496088483.09,31,23352728851.64,67.85,1,1,False
PROJ_00643,2025-03-14,105156389701.92,477,43267214081.44,73609472791.344,530,30287049857.008,20.89,5,0,False
PROJ_00644,2025-02-05,61631211567.96,186,36038921934.69,61829926520.18,236,42443838056.52,82.58,6,0,False
PROJ_00645,2025-06-30,203673134114.4,427,113219213714.51,142571193880.08,543,79253449600.157,31.51,5,3,True
PROJ_00646,2024-05-29,1966118515189.54,259,1142821714868.67,2406243764307.83,212,1326834933727.67,73.67,7,0,False
PROJ_00647,2024-07-05,1824265068280.11,356,924330914963.61,1276985547796.077,461,647031640474.527,17.49,10,3,True
PROJ_00648,2024-12-21,681655581373.08,386,256371235202.18,795024927293.46,399,294657245029.99,87.5,6,4,True
PROJ_00649,2023-12-16,1166901118088.01,229,443654480091.11,1475926016652.63,271,499037659599.02,63.05,5,5,True
PROJ_00650,2025-09-27,1705180301772.73,392,816173812217.47,1193626211240.911,323,571321668552.229,44.93,3,2,False
PROJ_00651,2024-07-16,72225399562.89,122,27467321471.08,74192014466.25,147,32929021803.17,91.16,2,3,False
PROJ_00652,2024-05-25,65692913840.2,274,27214310204.97,45985039688.13999,227,19050017143.479,44.0,7,4,True
PROJ_00653,2024-07-02,472463561450.89,492,156490697544.5,572772597577.76,577,150456487838.82,78.93,5,6,True
PROJ_00654,2024-09-05,2808508633457.69,30,1591484337410.07,3151906250912.39,25,1529952164837.51,64.16,10,3,True
PROJ_00655,2024-08-20,448589878494.88,314,197731547584.99,314012914946.41595,355,138412083309.49298,34.68,4,4,True
PROJ_00656,2025-04-03,96139025417.91,181,29185052835.32,67297317792.536995,175,20429536984.724,49.85,3,3,False
PROJ_00657,2023-12-19,24245058267.15,276,14379533523.56,31190574877.8,309,15562783244.94,64.21,5,3,True
PROJ_00658,2024-02-16,179006497777.09,430,87134570646.0,125304548443.96298,539,60994199452.2,18.87,9,2,True
PROJ_00659,2024-02-29,1036375353331.54,374,388250023146.87,725462747332.078,381,271775016202.809,43.22,4,6,True
PROJ_00660,2024-05-21,86553833228.96,452,40465443402.61,60587683260.272,433,28325810381.827,3.11,4,4,True
PROJ_00661,2024-10-24,46344848827.45,175,21602825707.14,46859044903.54,166,23410852935.73,71.79,4,3,False
PROJ_00662,2025-09-07,4045046766444.38,320,1465985075625.76,2831532736511.066,279,1026189552938.032,32.39,9,2,True
PROJ_00663,2024-03-02,496646031133.84,297,178752122238.07,606827750776.88,305,167946732580.58,94.73,7,0,False
PROJ_00664,2025-09-20,61061063332.5,141,20450577153.44,42742744332.75,171,14315404007.407999,3.89,9,1,True
PROJ_00665,2024-05-04,92388291512.35,356,53966427567.01,105090067951.37,433,49017142202.22,60.29,2,3,False
PROJ_00666,2023-12-02,242515541597.07,422,139957368720.73,169760879117.949,430,97970158104.511,33.98,7,3,True
PROJ_00667,2024-11-25,3364560610384.34,435,1013783141665.28,2355192427269.0376,401,709648199165.6959,27.39,4,5,True
PROJ_00668,2024-11-18,518126014495.96,126,177052849536.86,362688210147.172,145,123936994675.80199,21.9,3,2,False
PROJ_00669,2024-08-31,32592770547.68,403,15694117988.74,32723144702.41,356,17196956332.94,68.86,2,3,False
PROJ_00670,2025-04-05,2274714415104.7,253,768891008018.07,2935187471462.35,214,881786644726.99,73.3,6,6,True
PROJ_00671,2025-01-17,130879333118.71,420,75604187177.81,91615533183.097,435,52922931024.466995,37.57,8,1,True
PROJ_00672,2024-11-26,423180559348.45,475,249205185614.78,509751571043.45,560,253683205776.63,63.48,5,5,True
PROJ_00673,2023-11-30,144135759174.96,96,44320487659.89,100895031422.47198,109,31024341361.922997,39.95,6,2,True
PROJ_00674,2024-04-26,596227368765.63,89,330650839121.35,417359158135.941,82,231455587384.94498,40.16,5,4,True
PROJ_00675,2024-12-01,1429446362140.48,235,576108590049.81,1000612453498.3359,291,403276013034.867,40.09,8,3,True
PROJ_00676,2024-10-30,752636784074.71,41,250461315195.07,690051173643.32,40,285822209893.78,94.89,3,3,False
PROJ_00677,2025-05-18,3596160873500.17,25,1312130744361.82,2517312611450.1187,30,918491521053.274,6.95,7,2,True
PROJ_00678,2025-09-09,15603353254946.49,225,6268214091998.35,10922347278462.543,193,4387749864398.844,45.2,2,2,False
PROJ_00679,2023-10-18,4308633715734.87,18,2342482913111.24,5488162703584.47,18,2178669515379.18,67.91,7,4,True
PROJ_00680,2025-05-09,94960346814.95,208,49119469054.73,66472242770.465,168,34383628338.311,36.63,2,4,False
PROJ_00681,2024-10-21,364101396927.16,392,154473719207.25,254870977849.01196,499,108131603445.075,4.46,9,3,True
PROJ_00682,2025-01-28,2156149555824.86,206,1253425591108.01,1509304689077.402,249,877397913775.6069,12.85,6,4,True
PROJ_00683,2023-10-04,650672444622.93,55,209132698204.73,918225220484.17,64,205131677657.01,76.06,8,6,True
PROJ_00684,2024-09-22,215839069601.45,429,108676704070.48,151087348721.01498,458,76073692849.336,28.62,6,3,True
PROJ_00685,2024-07-29,294799263921.33,429,162115151103.17,313618460387.38,390,160959400687.36,68.81,2,2,False
PROJ_00686,2024-10-31,887403434325.14,98,287602957819.36,1196388694935.28,114,273788097670.83,88.7,4,2,False
PROJ_00687,2024-11-30,940891733432.84,29,355975231501.45,658624213402.9879,25,249182662051.01498,33.49,4,2,False
PROJ_00688,2025-04-01,2402706707948.15,365,732268161077.31,2336492808459.03,430,672206057919.35,53.69,4,3,False
PROJ_00689,2025-04-09,687712708082.55,484,232527274923.16,481398895657.785,493,162769092446.212,10.39,6,3,True
PROJ_00690,2025-06-06,372530516138.19,310,159739599987.34,402042969545.72,317,175498215621.9,75.45,6,3,True
PROJ_00691,2024-05-10,815868422676.03,346,370645989160.52,907297883497.79,304,376292585613.24,79.85,2,2,False
PROJ_00692,2025-02-08,113807934913.64,250,58549265129.42,127305289907.99,259,55023115382.14,72.81,7,4,True
PROJ_00693,2024-05-09,55387147475.29,359,21232433040.01,65441996323.63,348,24034957103.78,66.72,7,4,True
PROJ_00694,2024-07-03,90221943744.4,317,44841822846.6,63155360621.079994,346,31389275992.619995,43.64,6,5,True
PROJ_00695,2024-12-17,342494215196.43,111,146564316212.36,405452622434.99,120,166771686971.07,52.67,3,7,True
PROJ_00696,2025-02-06,1065134986373.88,266,324279333370.05,1106294973600.68,322,382984329593.97,80.91,4,5,True
PROJ_00697,2023-10-27,201350267133.4,346,68767718569.71,140945186993.37997,442,48137402998.797005,11.98,1,2,False
PROJ_00698,2024-10-30,6610120905195.43,484,3320939269217.82,4627084633636.801,416,2324657488452.4736,5.56,3,2,False
PROJ_00699,2024-09-06,4103668704327.09,444,2456720455362.17,4394971387270.13,365,2628995498886.2,73.05,4,3,False
PROJ_00700,2025-08-12,1104071219630.37,367,407713747109.12,772849853741.259,379,285399622976.384,9.84,3,0,False
PROJ_00701,2025-08-23,832928934883.31,417,290516024554.63,583050254418.317,360,203361217188.241,38.8,3,1,False
PROJ_00702,2024-11-15,152957374452.49,214,60906702131.87,107070162116.74298,180,42634691492.309,13.61,2,3,False
PROJ_00703,2024-03-15,172067614066.1,334,95350792929.28,120447329846.26999,320,66745555050.495995,30.98,4,2,False
PROJ_00704,2025-01-18,66218595306.94,373,27838349311.55,46353016714.858,301,19486844518.085,2.83,4,5,True
PROJ_00705,2024-02-05,1255349472640.66,491,390834562670.04,1442499916052.03,452,442465295111.45,97.76,0,5,False
PROJ_00706,2025-06-26,1055422888456.83,248,602976869547.83,1229818092494.62,311,602192235287.79,52.58,6,2,True
PROJ_00707,2025-03-27,1508539001214.4,382,893466554281.67,1055977300850.0798,351,625426587997.169,43.95,4,5,True
PROJ_00708,2023-10-25,39496754652.51,299,19462972779.5,27647728256.757,335,13624080945.65,45.81,5,1,False
PROJ_00709,2024-11-04,504201185869.15,311,228384086910.83,650864516383.31,313,215761002350.46,81.08,8,4,True
PROJ_00710,2025-05-26,278963958081.27,277,144278842291.04,320970637263.61,333,132182307117.01,66.19,3,2,False
PROJ_00711,2025-04-27,280239298180.5,62,130248326698.86,196167508726.34998,57,91173828689.202,27.3,4,4,True
PROJ_00712,2025-08-06,124547620566.71,453,48173117460.82,171435742442.88,438,50841401644.03,84.97,10,4,True
PROJ_00713,2023-10-25,611574788608.72,92,306447348357.72,428102352026.10394,108,214513143850.40396,46.35,3,1,False
PROJ_00714,2023-12-22,661612554762.67,91,352219432714.44,463128788333.869,108,246553602900.10797,20.91,8,3,True
PROJ_00715,2025-07-17,23105845376.22,400,10725068630.66,16174091763.354,441,7507548041.462,23.12,8,3,True
PROJ_00716,2024-12-09,205263914864.3,223,95447007070.49,143684740405.00998,228,66812904949.343,41.34,5,4,True
PROJ_00717,2024-02-13,153909680551.85,227,90936279794.25,181301131168.56,182,100335629739.21,50.26,10,3,True
PROJ_00718,2025-01-12,17316536518.18,88,5576067236.81,12121575562.726,79,3903247065.767,19.58,4,4,True
PROJ_00719,2024-04-01,209794410137.11,465,65402392644.08,249825907991.87,552,71627097803.16,93.6,4,2,False
PROJ_00720,2023-11-18,144124269984.81,167,77718536015.59,152011703438.15,163,84184160603.08,59.58,7,2,True
PROJ_00721,2024-06-20,72663644182.68,257,41085285207.37,98964199494.03,285,47937137435.9,81.56,8,4,True
PROJ_00722,2024-10-20,309457501670.02,380,101718870536.14,216620251169.014,433,71203209375.29799,38.29,8,4,True
PROJ_00723,2024-08-28,47587398005.3,14,27224383401.04,49819131171.58,15,30224078823.45,89.4,3,1,False
PROJ_00724,2024-05-01,175910958395.22,106,104788413939.42,199512281247.75,101,105035779745.12,88.24,3,3,False
PROJ_00725,2025-01-05,174035137217.18,426,60351130932.31,230806289219.48,513,68322971776.11,78.99,4,2,False
PROJ_00726,2024-08-27,273879433578.37,231,117633745640.32,191715603504.85898,292,82343621948.224,25.2,3,7,True
PROJ_00727,2024-09-07,605589165807.99,286,345343500744.55,423912416065.59296,314,241740450521.18497,31.29,6,7,True
PROJ_00728,2024-10-20,32082314778.09,326,14753440766.97,35944845359.29,280,15780144622.43,63.76,3,2,False
PROJ_00729,2024-07-08,114733607432.16,341,39334748512.6,80313525202.512,382,27534323958.819996,10.11,6,5,True
PROJ_00730,2024-12-02,30154668339.44,249,12375670107.65,21108267837.607998,270,8662969075.355,37.56,4,2,False
PROJ_00731,2024-06-12,283981030396.88,29,159897670295.1,285829831025.03,29,164288520781.98,78.17,2,1,False
PROJ_00732,2023-12-20,92918095357.14,142,50103794594.88,108341285745.71,144,45956731487.13,64.35,7,4,True
PROJ_00733,2025-01-21,2743681270764.68,240,1525304103321.26,1920576889535.2761,287,1067712872324.882,21.98,3,1,False
PROJ_00734,2023-10-17,129591441189.93,255,63023198220.16,141239701256.71,235,58235177637.46,91.66,6,4,True
PROJ_00735,2025-04-02,25590154799.04,430,8887629698.23,26856479420.07,471,8032616156.11,51.63,6,3,True
PROJ_00736,2023-11-20,151393598282.44,50,60545628919.11,173830653604.49,59,60056075798.26,56.52,5,5,True
PROJ_00737,2024-09-20,182203560211.55,256,81249623739.65,127542492148.08498,279,56874736617.75499,13.45,9,5,True
PROJ_00738,2024-05-14,24810427005.84,310,8177622811.78,29889008611.91,346,9038854288.66,57.18,2,3,False
PROJ_00739,2025-07-24,6910264241360.92,422,3900429751996.86,8161959800236.8,438,4061236929191.98,63.87,3,4,False
PROJ_00740,2023-12-07,1905303071323.19,497,874724310085.79,2322779101406.96,577,897376304478.79,59.88,4,9,True
PROJ_00741,2025-07-26,13310510927547.7,302,6940866673053.78,9317357649283.389,303,4858606671137.6455,49.01,1,4,False
PROJ_00742,2023-11-08,4028163231127.72,401,1399834682767.82,2819714261789.404,330,979884277937.474,5.2,3,2,False
PROJ_00743,2023-10-29,27440852681.16,43,10423915159.67,31925668927.66,46,9543080285.04,60.33,7,1,True
PROJ_00744,2024-06-07,1969288177497.6,207,679794185632.45,2014376574806.32,253,737810937561.7,88.32,2,3,False
PROJ_00745,2024-04-19,100984500326.29,309,48215922106.75,130158709743.77,382,46012064842.93,73.41,7,4,True
PROJ_00746,2023-10-18,240545711446.34,311,101514435119.75,168381998012.438,378,71060104583.825,31.65,5,1,False
PROJ_00747,2025-06-25,330860220231.69,126,179801324574.61,360296374026.91,137,211617673936.74,82.85,5,2,False
PROJ_00748,2024-03-02,1084707132935.55,15,508732861390.86,1300776017595.14,12,581765262287.15,76.28,4,0,False
PROJ_00749,2024-05-29,644936939410.21,334,320531780177.09,792898561527.66,423,317236486823.29,83.7,4,5,True
PROJ_00750,2024-02-04,2517040690420.76,196,1218025633136.11,2547165596169.77,168,1325625523427.65,82.06,4,1,False
PROJ_00751,2025-01-24,3421297735009.93,456,2036375041045.62,2394908414506.951,523,1425462528731.934,45.49,5,6,True
PROJ_00752,2025-08-13,636858579444.81,225,362282950847.58,445801005611.367,226,253598065593.306,10.88,5,4,True
PROJ_00753,2024-01-23,116016114305.74,309,67286747568.19,81211280014.018,311,47100723297.733,19.57,3,2,False
PROJ_00754,2025-04-27,835975328424.74,283,491483193223.1,585182729897.318,275,344038235256.17,45.84,8,4,True
PROJ_00755,2024-05-08,24213774626.6,487,10664221858.76,16949642238.619997,622,7464955301.132,21.75,7,5,True
PROJ_00756,2025-01-16,3143329820549.58,152,1228472429827.92,2200330874384.706,129,859930700879.544,29.61,5,2,False
PROJ_00757,2025-09-13,3701951885687.96,121,1527100351724.41,2591366319981.572,148,1068970246207.0869,10.69,3,2,False
PROJ_00758,2024-06-16,2898022628249.25,130,1375390689996.62,4080636442466.81,163,1340392653596.9,66.95,5,6,True
PROJ_00759,2024-10-09,37355680585.78,225,17028057663.36,50221256915.67,211,18765366362.52,63.2,8,1,True
PROJ_00760,2024-03-17,85535798323.02,318,43507897648.44,81224574829.59,324,40730760206.87,57.51,2,1,False
PROJ_00761,2025-06-09,559625782969.94,416,225378003442.66,525879911744.62,504,216326553734.32,99.82,0,0,False
PROJ_00762,2025-06-10,3723689473445.1,496,1382555129982.61,4125909695558.88,523,1282980794257.99,50.33,6,2,True
PROJ_00763,2024-01-23,232101900497.33,431,94386700338.4,283532311485.01,558,98603471263.67,89.98,5,3,True
PROJ_00764,2024-03-13,5958359512459.33,76,3481442626227.85,4170851658721.531,82,2437009838359.495,36.87,3,1,False
PROJ_00765,2024-08-11,104455237607.72,286,41408812066.11,133399167599.64,326,40501336258.11,76.36,8,3,True
PROJ_00766,2024-01-16,19203068806.52,146,6004964370.18,25290279330.45,159,5899107709.54,67.39,10,7,True
PROJ_00767,2025-05-12,1202314235667.73,200,416236856550.05,1339785098237.52,187,496878658085.78,70.75,4,5,True
PROJ_00768,2023-10-24,1298995580066.78,337,757764348423.72,909296906046.746,329,530435043896.60394,27.29,4,4,True
PROJ_00769,2024-08-12,258981251712.28,460,105053555088.23,181286876198.59598,378,73537488561.76099,42.86,5,2,False
PROJ_00770,2025-05-09,306034705968.28,147,139742201341.53,214224294177.79602,125,97819540939.071,33.09,4,1,False
PROJ_00771,2025-08-21,472291907245.27,288,272731920106.15,460838788967.55,346,264754733875.01,84.78,2,3,False
PROJ_00772,2024-10-16,22798120087.61,143,9452338808.69,15958684061.327,139,6616637166.083,9.16,7,0,False
PROJ_00773,2024-11-07,390469144632.64,193,205983179564.37,273328401242.848,214,144188225695.059,20.56,6,5,True
PROJ_00774,2024-04-18,1307166073012.67,433,465538712661.89,1373998374262.44,386,419655192675.65,50.42,7,5,True
PROJ_00775,2023-12-14,25983286537885.5,266,11699221150152.5,18188300576519.848,277,8189454805106.749,23.17,4,3,False
PROJ_00776,2025-05-26,1056835862827.01,94,628368537550.72,1293842341774.56,95,721513943901.67,78.39,5,1,False
PROJ_00777,2025-09-04,1590809439068.28,132,685449018390.75,1995518065334.59,168,643378055403.46,63.27,3,5,True
PROJ_00778,2025-07-01,287952717699.07,316,144112014841.44,320783331758.8,365,143409055284.18,71.69,6,2,True
PROJ_00779,2024-06-02,5656910593313.81,278,3226936423835.6,3959837415319.6665,313,2258855496684.92,17.44,6,6,True
PROJ_00780,2024-01-10,1662761535784.65,51,545142232336.31,1997539280709.28,43,522951854887.44,51.68,9,3,True
PROJ_00781,2025-09-10,1476453619249.38,377,745633572002.36,1033517533474.5658,336,521943500401.652,28.05,6,4,True
PROJ_00782,2024-08-01,231692718471.69,107,127397803459.59,162184902930.18298,120,89178462421.713,4.43,5,4,True
PROJ_00783,2025-08-28,68758627468.71,366,29003962793.83,76540173824.84,440,27663800811.89,87.32,4,6,True
PROJ_00784,2025-06-03,573563052544.42,73,298230671584.05,401494136781.094,66,208761470108.835,43.14,5,1,False
PROJ_00785,2024-01-29,63860905295.27,304,33152751035.52,44702633706.688995,353,23206925724.864,41.07,8,5,True
PROJ_00786,2025-04-29,236529193646.86,184,91183274969.68,323660815608.04,185,87598530580.76,73.05,5,4,True
PROJ_00787,2023-11-09,248863154641.15,415,138523415224.1,174204208248.805,504,96966390656.87,43.56,9,4,True
PROJ_00788,2024-09-17,157826696645.86,343,62588923175.07,110478687652.10199,340,43812246222.548996,34.7,2,4,False
PROJ_00789,2025-03-26,473598078498.49,91,203027231129.95,492381484125.2,117,215078854129.28,86.48,1,2,False
PROJ_00790,2024-12-09,63097488043.74,476,36809062413.98,44168241630.618,534,25766343689.786,44.42,4,6,True
PROJ_00791,2025-08-05,722603305532.12,69,288894164245.87,853040643726.59,69,281097174808.47,59.27,5,3,True
PROJ_00792,2024-10-11,1709058130948.46,387,960984797816.37,1196340691663.9219,318,672689358471.459,5.96,6,3,True
PROJ_00793,2023-12-07,1045784516068.72,189,496502417987.19,1247022377344.59,159,523527149967.28,55.29,5,3,True
PROJ_00794,2025-02-27,248584371339.56,351,98152347691.15,174009059937.692,455,68706643383.80499,48.39,8,3,True
PROJ_00795,2025-07-22,1152151909518.63,119,416248782263.81,1255958228791.99,109,403973037967.89,76.67,1,2,False
PROJ_00796,2024-09-11,1050021878282.77,352,364203447641.28,735015314797.939,412,254942413348.896,10.53,4,3,False
PROJ_00797,2023-10-10,33491432040.05,300,14297637485.49,39107449735.11,245,14939401369.84,55.73,5,1,False
PROJ_00798,2024-12-01,1112664829017.62,223,625443089780.05,1170802501323.73,282,732282615778.5,78.95,5,0,False
PROJ_00799,2025-02-10,10231705184376.6,25,4449839204025.09,14002207513186.71,26,4793351518650.22,61.29,9,3,True
PROJ_00800,2024-01-14,293555334673.07,166,121680591902.4,205488734271.149,138,85176414331.68,31.91,3,3,False
PROJ_00801,2024-12-14,674551961054.02,355,277900918314.23,920548410763.29,419,264164482490.61,88.87,8,4,True
PROJ_00802,2024-10-02,112153803128.0,207,60871968919.1,78507662189.59999,258,42610378243.369995,34.07,5,6,True
PROJ_00803,2025-07-09,67047146777.42,201,31315522542.21,74206425788.03,182,31380269654.09,78.71,4,5,True
PROJ_00804,2025-01-10,471694516745.68,172,170700370429.45,330186161721.97595,176,119490259300.615,13.59,3,6,True
PROJ_00805,2025-09-21,183733092303.71,107,70382728807.18,128613164612.59698,111,49267910165.02599,24.89,5,1,False
PROJ_00806,2024-03-02,88481271690.42,305,27257043320.93,98914633280.2,350,26227261739.81,70.8,5,1,False
PROJ_00807,2024-12-16,89891862879.04,439,34041576993.94,62924304015.32799,563,23829103895.758,22.25,5,9,True
PROJ_00808,2024-03-26,197464650451.39,343,77128621008.45,138225255315.973,437,53990034705.91499,43.21,7,1,True
PROJ_00809,2025-03-15,3492082169175.18,153,1463691399800.76,3394832532332.19,175,1753313549959.11,59.9,3,2,False
PROJ_00810,2025-07-25,3743046352596.56,377,1238372164884.71,3532808785184.41,438,1423265609712.92,75.44,1,3,False
PROJ_00811,2024-06-30,130897048156.64,130,43048789615.74,91627933709.648,155,30134152731.017998,28.57,5,4,True
PROJ_00812,2025-06-19,105263678481.17,95,49553133210.38,143507193059.75,100,54484142132.37,51.78,5,2,False
PROJ_00813,2025-04-01,925648281517.11,121,463733853087.71,647953797061.9769,112,324613697161.397,1.34,8,2,True
PROJ_00814,2025-02-04,1674999253220.34,389,729099196832.84,1906489795720.31,332,770954887833.74,52.23,5,0,False
PROJ_00815,2025-01-16,105592807364.38,446,60990291605.61,73914965155.066,365,42693204123.926994,44.68,2,2,False
PROJ_00816,2024-12-17,532475635605.49,131,263627088129.45,372732944923.84296,167,184538961690.615,21.05,8,4,True
PROJ_00817,2025-05-26,581413040987.81,296,305832814778.23,666325329238.48,350,341559648628.83,97.08,6,3,True
PROJ_00818,2024-06-28,393949926640.02,229,224447703670.69,275764948648.014,195,157113392569.483,33.81,5,2,False
PROJ_00819,2024-08-23,5355321538740.6,144,1621996717160.55,3748725077118.4194,177,1135397702012.385,28.38,2,2,False
PROJ_00820,2024-06-05,324818063692.54,19,125412557009.34,378718836202.02,24,140133890196.14,91.05,4,0,False
PROJ_00821,2023-12-25,390968533134.51,262,207900616681.81,273677973194.15698,255,145530431677.267,26.55,2,3,False
PROJ_00822,2024-07-09,22334689265.75,288,7799192898.83,15634282486.025,232,5459435029.181,46.35,4,4,True
PROJ_00823,2025-01-01,3681862448967.61,447,1185874428500.02,2577303714277.3267,503,830112099950.0139,18.97,2,1,False
PROJ_00824,2024-06-03,1240340542321.41,264,379659731702.59,1678244997425.99,270,369526677458.25,56.21,4,5,True
PROJ_00825,2025-01-15,23104371160.6,456,9339230624.01,25920440969.62,547,11129065715.16,93.14,3,2,False
PROJ_00826,2025-05-03,132453295437.14,239,69449181182.34,92717306805.998,279,48614426827.63799,28.16,3,8,True
PROJ_00827,2025-06-13,1470586103755.59,399,448100057270.86,1029410272628.913,468,313670040089.602,28.94,5,1,False
PROJ_00828,2025-08-12,46487352574.55,42,23185523489.34,32541146802.185,42,16229866442.537998,37.12,6,1,False
PROJ_00829,2024-10-20,5261103418594.39,359,2162260622123.55,3682772393016.0728,461,1513582435486.4849,15.15,5,3,True
PROJ_00830,2024-09-06,173527788469.34,224,91445804024.6,189680625509.39,234,95269342346.27,83.25,4,2,False
PROJ_00831,2023-10-27,1028147574720.14,185,349189267824.59,719703302304.098,234,244432487477.213,12.66,8,7,True
PROJ_00832,2025-02-15,2794173121.57,135,921031803.7,1955921185.099,111,644722262.59,6.96,9,3,True
PROJ_00833,2024-08-25,856177933039.04,439,391570200471.74,599324553127.328,427,274099140330.218,13.7,12,3,True
PROJ_00834,2024-04-01,61498658549.71,196,27854775197.6,43049060984.797,240,19498342638.319996,17.55,6,3,True
PROJ_00835,2025-02-08,617821010143.97,433,238909703891.64,731362392207.6,527,240722317096.64,79.96,3,4,False
PROJ_00836,2024-05-02,164314237425.23,133,70113798993.95,115019966197.661,152,49079659295.76499,17.18,3,7,True
PROJ_00837,2024-09-25,575477354179.51,456,305238791663.29,402834147925.657,383,213667154164.30298,1.26,5,3,True
PROJ_00838,2024-06-18,8043674732114.34,465,4355880325053.19,9220830395999.81,459,4978224072376.2,63.67,6,3,True
PROJ_00839,2024-09-10,273384158237.43,80,162956395904.18,312231899995.23,73,161652840733.57,88.69,4,1,False
PROJ_00840,2024-07-10,371871937890.67,426,115753271928.56,260310356523.46896,511,81027290349.99199,49.23,11,2,True
PROJ_00841,2025-05-30,37766123627.68,132,20883145995.9,58519613353.12,167,22466842440.89,95.21,10,7,True
PROJ_00842,2025-09-15,98937444731.43,353,47397346870.08,110232159615.92,389,56642491169.74,92.49,6,2,True
PROJ_00843,2024-07-06,953841181489.56,218,409145700752.96,667688827042.692,241,286401990527.072,6.31,3,6,True
PROJ_00844,2025-04-19,983677802784.12,159,481596100137.6,1202292615735.38,154,503201192938.46,55.7,4,0,False
PROJ_00845,2023-10-08,310804473475.0,75,176906480167.5,217563131432.5,75,123834536117.24998,2.11,7,3,True
PROJ_00846,2025-03-10,34363019021910.49,439,11791766268882.97,39734779941696.32,538,14125422891766.61,50.34,7,2,True
PROJ_00847,2024-04-10,551940620981.85,166,315592230609.8,668617299683.42,139,337222718790.85,58.51,5,4,True
PROJ_00848,2023-12-24,308727118411.22,364,183990257532.69,333100045706.34,403,183182686903.43,91.18,3,2,False
PROJ_00849,2024-06-01,560602016327.86,493,226371500008.33,392421411429.50195,451,158460050005.831,45.12,4,7,True
PROJ_00850,2024-11-17,317293729787.65,332,181790681609.16,308112062855.67,362,189003890701.84,93.83,2,3,False
PROJ_00851,2025-02-09,1603027498931.8,350,953375288559.34,1122119249252.26,329,667362701991.538,6.0,6,2,True
PROJ_00852,2025-04-18,568845517533.51,55,299416844931.79,398191862273.457,49,209591791452.25296,17.39,8,5,True
PROJ_00853,2024-05-31,58404189922.07,98,24731457519.88,40882932945.449,101,17312020263.916,18.38,7,2,True
PROJ_00854,2025-09-04,127623351525.48,233,54484660394.26,163453648241.31,208,50710236379.24,85.93,7,1,True
PROJ_00855,2025-01-27,1046628863919.21,82,399311471613.14,1316094351910.24,80,465845043232.4,76.79,11,4,True
PROJ_00856,2025-07-20,2354719484050.98,199,1294997044811.47,1648303638835.6858,183,906497931368.0289,4.52,5,3,True
PROJ_00857,2025-09-25,1238441861892.29,383,495722285434.88,1549356911766.31,408,466539588611.18,88.12,7,7,True
PROJ_00858,2025-02-11,57560466130.24,345,33125520002.7,64040680699.91,371,37561472919.54,85.83,4,1,False
PROJ_00859,2024-12-29,229783114583.29,212,70468760924.85,240290266386.33,255,77321722333.74,71.67,3,4,False
PROJ_00860,2023-10-15,131719486475.87,198,50739740730.42,92203640533.109,238,35517818511.294,12.4,6,2,True
PROJ_00861,2024-01-01,2076272404000.44,465,814289314616.75,2448743355845.11,430,956509030019.14,53.36,5,1,False
PROJ_00862,2024-07-25,476818362299.26,243,158498045448.74,596556627604.06,206,163131311614.56,53.49,4,3,False
PROJ_00863,2024-05-11,2087656961112.93,147,893995923664.95,1461359872779.0508,174,625797146565.465,11.34,5,3,True
PROJ_00864,2024-11-15,3095009557865.86,416,1183721776498.59,3755704240306.57,444,1400675086451.66,67.76,4,3,False
PROJ_00865,2025-09-05,4229723204266.07,226,2206087635353.27,2960806242986.2485,285,1544261344747.2888,26.51,3,7,True
PROJ_00866,2024-06-03,2513011998843.29,288,895625317487.82,2604934058126.46,319,841270862710.26,54.09,5,4,True
PROJ_00867,2024-08-06,2279492021370.18,127,1016049910245.39,2335329253098.96,121,999375007069.15,50.12,5,2,False
PROJ_00868,2025-08-07,73971398503.0,321,32951405871.95,91083041639.08,320,36411010081.98,89.05,6,7,True
PROJ_00869,2025-05-15,201366153398.78,204,96284496749.6,140956307379.146,233,67399147724.72,39.94,9,2,True
PROJ_00870,2024-10-09,381560411563.41,80,150651678361.29,401857435141.75,96,154262317495.49,76.33,2,2,False
PROJ_00871,2025-01-24,25357107246.4,254,12013344320.92,17749975072.48,211,8409341024.643999,46.66,7,2,True
PROJ_00872,2025-04-16,65714511034.5,486,26573979527.24,46000157724.149994,617,18601785669.068,19.01,2,3,False
PROJ_00873,2025-03-24,232534760376.83,477,78014766101.83,296517133525.28,411,81974757033.47,78.08,8,3,True
PROJ_00874,2024-09-14,18206274895.55,470,9022780475.9,24263725546.46,477,9943527644.92,91.27,8,5,True
PROJ_00875,2024-12-06,1516595625435.79,120,859473903585.86,1757078868140.28,132,1031318442243.44,83.58,6,3,True
PROJ_00876,2025-04-13,36135132718.53,73,14597232080.06,42511914342.66,69,17028876181.01,88.77,5,4,True
PROJ_00877,2024-08-31,6922442642084.85,140,3281203173384.09,4845709849459.395,117,2296842221368.863,23.75,4,4,True
PROJ_00878,2024-09-22,111904512797.53,220,56100759545.31,127253146313.46,277,52234247231.26,95.79,5,6,True
PROJ_00879,2025-09-16,18568685909.22,51,9215973228.55,12998080136.454,41,6451181259.984999,48.75,5,5,True
PROJ_00880,2025-01-04,2504994810697.76,478,801012525832.24,1753496367488.4316,490,560708768082.568,46.85,5,2,False
PROJ_00881,2024-07-01,212146107376.99,206,78902070129.65,148502275163.89297,260,55231449090.75499,10.0,3,4,False
PROJ_00882,2024-08-06,272788038216.8,25,95669835207.11,317801192061.35,28,100121310366.24,88.29,6,4,True
PROJ_00883,2024-06-11,592444430727.13,483,334637321632.99,414711101508.99097,530,234246125143.093,6.99,6,4,True
PROJ_00884,2024-05-21,334738985245.39,265,122847371267.98,403616553427.77,227,144562220351.94,64.22,10,3,True
PROJ_00885,2024-01-29,468553310853.47,26,240387792331.16,527911465582.91,25,248189724516.2,76.17,6,3,True
PROJ_00886,2024-04-12,7255832432.33,459,2450399621.24,5079082702.631,431,1715279734.8679998,47.54,10,4,True
PROJ_00887,2024-08-16,86354509786.3,89,36882620239.74,90823000692.96,107,43294944334.12,51.09,4,2,False
PROJ_00888,2024-01-28,443581980325.27,457,134350249517.54,310507386227.68896,566,94045174662.27798,1.71,5,3,True
PROJ_00889,2025-03-29,139662177899.35,403,45988380851.06,97763524529.545,352,32191866595.741997,24.04,5,0,False
PROJ_00890,2025-09-03,643344885509.92,62,268087865235.71,747489971213.76,59,288137273984.92,99.82,11,3,True
PROJ_00891,2024-04-04,1365553390180.38,183,788034643385.18,1423267055747.5,153,709362194042.27,78.3,8,2,True
PROJ_00892,2024-04-11,29218580517.7,447,10810283716.47,36421002205.25,478,10012130651.16,78.08,3,3,False
PROJ_00893,2024-05-06,129215006132.64,457,66532717263.78,177067833338.46,452,72929938955.16,99.79,8,3,True
PROJ_00894,2025-02-04,425128420440.34,235,182933463113.23,297589894308.238,232,128053424179.261,33.52,4,2,False
PROJ_00895,2024-07-07,7305924101047.46,275,2302684198430.13,8195441196477.67,316,2435209976451.0,89.25,5,2,False
PROJ_00896,2025-05-23,232672057820.03,373,93409216065.74,162870440474.021,329,65386451246.018,33.71,1,2,False
PROJ_00897,2025-03-18,96126803434.06,307,42929573783.92,133822334107.1,375,38773228054.8,64.42,8,1,True
PROJ_00898,2025-05-31,261084100025.61,247,139602692366.34,182758870017.92697,243,97721884656.43799,14.76,8,8,True
PROJ_00899,2024-07-13,16391940046.38,305,8893870817.4,19745255511.07,355,8763990224.82,92.03,6,3,True
PROJ_00900,2024-01-08,57712199287.73,496,19463665813.79,40398539501.411,496,13624566069.653,4.99,2,1,False
PROJ_00901,2024-04-13,1851163385292.94,315,802702065678.96,1295814369705.0579,390,561891445975.272,9.18,3,2,False
PROJ_00902,2024-07-27,211135607497.94,281,113861169207.73,147794925248.55798,290,79702818445.411,3.5,3,3,False
PROJ_00903,2024-05-17,16588244526.34,169,9921943497.51,11611771168.438,212,6945360448.257,49.28,4,4,True
PROJ_00904,2024-10-01,2340649554088.28,281,1289542880456.19,1638454687861.7957,254,902680016319.3329,5.47,4,4,True
PROJ_00905,2024-03-29,1383400531447.54,115,490268743419.54,968380372013.278,96,343188120393.678,33.04,8,4,True
PROJ_00906,2024-08-02,209600875987.46,241,111037256937.19,146720613191.222,237,77726079856.03299,37.91,6,1,False
PROJ_00907,2023-10-12,391053601229.22,237,144184404977.43,273737520860.45395,272,100929083484.20099,39.22,7,4,True
PROJ_00908,2025-09-22,7567806293793.67,394,3793118631291.25,8067429749192.58,327,3810794626845.76,64.36,1,3,False
PROJ_00909,2025-03-27,357610396027.71,399,160364321690.3,250327277219.397,450,112255025183.20999,18.65,6,2,True
PROJ_00910,2024-02-04,307065458606.48,421,165320369584.23,314993135095.35,360,150367559318.88,75.13,4,2,False
PROJ_00911,2024-07-04,1771018711351.46,258,533221733153.19,2267256853390.43,217,486977161580.2,61.52,4,2,False
PROJ_00912,2023-11-13,5155156982857.5,443,2607281147938.04,6557068556520.68,516,2708884003379.06,68.1,6,6,True
PROJ_00913,2023-11-22,1436942300304.07,374,700426111110.32,1005859610212.849,374,490298277777.22394,49.84,4,3,False
PROJ_00914,2025-04-16,669818139655.98,197,258909832590.39,468872697759.186,229,181236882813.273,24.9,5,2,False
PROJ_00915,2024-07-23,446500037913.98,358,182266209506.17,312550026539.78595,402,127586346654.319,48.19,6,4,True
PROJ_00916,2025-09-11,65057994446.41,275,25775939527.25,66639090033.81,344,24568874429.27,82.0,1,5,False
PROJ_00917,2024-02-04,535500833708.4,79,207395537887.69,694450571747.35,100,215199139193.69,58.68,3,2,False
PROJ_00918,2025-07-12,954489554958.8,445,556418651146.6,668142688471.16,524,389493055802.61993,9.94,1,1,False
PROJ_00919,2025-02-11,128809332615.86,423,47630352693.16,166232585218.08,419,49653618911.46,88.08,5,2,False
PROJ_00920,2024-01-11,2547350421094.32,310,1338148365576.86,1783145294766.0237,318,936703855903.802,33.97,8,1,True
PROJ_00921,2023-10-10,78050496297.04,114,43011367667.01,70707834913.61,122,39536050227.3,66.5,2,1,False
PROJ_00922,2025-05-07,228258095691.83,20,113460532791.1,249414604875.09,18,121253509265.27,74.47,3,3,False
PROJ_00923,2024-07-15,336519103933.52,473,169872333379.01,235563372753.464,428,118910633365.307,25.28,5,5,True
PROJ_00924,2025-01-20,318727070484.79,339,174105650010.97,223108949339.35297,383,121873955007.67899,17.81,4,3,False
PROJ_00925,2025-01-30,1346454935568.4,63,781755350040.32,942518454897.8799,59,547228745028.22394,6.49,4,1,False
PROJ_00926,2024-12-22,229151086949.35,246,128058795776.97,160405760864.54498,233,89641157043.879,49.81,7,3,True
PROJ_00927,2024-09-10,14345700607561.15,490,7153314395490.72,10041990425292.805,633,5007320076843.504,15.79,5,1,False
PROJ_00928,2024-04-03,613380395567.48,495,363214476755.25,576386426803.92,476,372555452179.82,50.59,1,4,False
PROJ_00929,2023-11-19,63608419126.25,310,23345016949.32,44525893388.375,325,16341511864.523998,3.33,4,4,True
PROJ_00930,2024-06-12,29892004039.65,97,12802393845.24,20924402827.755,107,8961675691.668,12.44,5,2,False
PROJ_00931,2025-01-29,159729304757.17,173,52938680616.25,184666475599.46,214,50099666282.35,83.63,8,0,True
PROJ_00932,2024-01-22,178361298816.53,228,56063519114.48,124852909171.57098,195,39244463380.136,28.83,3,6,True
PROJ_00933,2023-12-03,173727566662.84,239,87513232780.42,121609296663.98799,257,61259262946.29399,49.15,5,4,True
PROJ_00934,2024-11-11,29363591571.28,414,12711851229.68,33783954380.92,414,14947326673.27,76.82,5,0,False
PROJ_00935,2025-02-12,71440574406.04,159,25238950900.15,50008402084.22799,172,17667265630.105,15.92,10,4,True
PROJ_00936,2023-12-12,595982951754.61,186,350443793184.96,417188066228.227,191,245310655229.472,22.57,4,5,True
PROJ_00937,2025-05-10,843885892534.04,23,504652413789.07,970252622037.87,28,517443153118.56,96.83,6,4,True
PROJ_00938,2025-07-03,519956571485.4,217,307652102988.87,363969600039.77997,201,215356472092.20898,38.73,2,3,False
PROJ_00939,2025-08-30,1197000097831.22,347,631148405913.38,1277821603617.56,298,621340682853.71,52.56,7,1,True
PROJ_00940,2023-11-21,401328134011.75,364,232951092233.39,280929693808.225,455,163065764563.373,25.67,3,5,True
PROJ_00941,2024-03-01,106665768367.76,411,59871952977.57,125415822031.56,440,54195495320.39,64.55,9,2,True
PROJ_00942,2024-02-27,117282795414.46,369,65049328110.12,149050886198.46,353,77337942056.99,77.83,5,3,True
PROJ_00943,2025-04-26,256219026317.52,200,117461567265.44,303396557962.14,224,139005512254.84,88.87,6,2,True
PROJ_00944,2024-08-04,272023447943.9,410,109951912945.62,190416413560.72998,366,76966339061.93399,44.45,1,5,False
PROJ_00945,2023-12-24,99388571127.65,420,38826871650.49,69571999789.355,346,27178810155.343,6.72,5,5,True
PROJ_00946,2024-06-08,38095608807.61,451,14279951377.2,26666926165.327,548,9995965964.039999,18.09,5,1,False
PROJ_00947,2024-01-27,434912394529.61,10,137807588381.0,542664616416.84,10,141723299718.7,63.17,8,3,True
PROJ_00948,2025-04-21,1809857865356.76,141,609962189736.44,1997383042343.69,136,700233502918.95,50.49,6,6,True
PROJ_00949,2024-11-27,94782569109.99,419,46603328534.15,110767953977.86,488,46996778887.68,87.89,7,4,True
PROJ_00950,2025-06-09,54939090153.3,338,28336832235.61,38457363107.31,360,19835782564.927,43.92,9,5,True
PROJ_00951,2025-05-30,39765004905.6,437,20463397279.94,52927183146.56,494,22553003569.93,69.59,10,2,True
PROJ_00952,2025-06-22,1795273170223.09,134,746396692691.38,1256691219156.163,123,522477684883.96594,33.97,4,3,False
PROJ_00953,2024-05-16,4906134627.55,444,2201379245.15,3434294239.285,420,1540965471.605,1.28,7,2,True
PROJ_00954,2025-03-16,29492736283.51,75,11943925874.43,35450521908.15,60,12764887825.8,54.3,1,5,False
PROJ_00955,2024-10-21,336537848340.57,245,193446869642.02,235576493838.399,217,135412808749.41399,40.68,4,5,True
PROJ_00956,2025-01-01,63963212973.38,234,27252792709.09,44774249081.366,191,19076954896.363,8.83,5,4,True
PROJ_00957,2024-12-24,93836501905.13,190,41527970152.35,65685551333.590996,184,29069579106.644997,16.24,5,1,False
PROJ_00958,2024-07-28,372388064960.09,86,133975008775.57,260671645472.063,99,93782506142.899,49.62,10,2,True
PROJ_00959,2025-05-22,59218815449.86,228,27309410874.4,76424042859.17,239,31738372036.93,84.59,9,1,True
PROJ_00960,2024-12-10,97389888160.28,408,53370232445.54,107362108078.31,480,51968791884.65,85.75,4,3,False
PROJ_00961,2024-08-05,214157750511.13,268,102031822974.48,149910425357.791,327,71422276082.13599,38.08,8,2,True
PROJ_00962,2025-05-02,308419711914.85,399,126984756299.82,382008632568.6,352,129338731830.17,78.99,2,5,False
PROJ_00963,2025-06-24,126272776539.22,38,62523334570.67,140301077468.41,47,67006654908.16,67.31,5,2,False
PROJ_00964,2023-11-28,375304713094.12,127,162166874439.09,444761657962.99,108,192716482054.55,62.52,7,6,True
PROJ_00965,2025-06-13,936812360060.78,385,508154841941.89,1174624005250.22,371,607553629883.1,83.56,3,3,False
PROJ_00966,2024-01-07,647177655956.8,51,204758248171.96,453024359169.76,57,143330773720.37198,49.1,2,3,False
PROJ_00967,2024-04-27,656131241770.89,364,367724814132.14,459291869239.623,298,257407369892.498,10.43,0,3,False
PROJ_00968,2025-06-29,145786881168.45,148,75705452656.45,159861986329.91,138,69119357323.99,85.05,4,3,False
PROJ_00969,2024-05-01,44040192070.05,198,26191059504.39,42680830899.25,178,25402025452.94,65.34,6,0,False
PROJ_00970,2024-06-24,41192670393.39,162,19794286413.51,42793358074.0,175,19809256728.57,99.86,4,0,False
PROJ_00971,2025-08-04,143940777156.03,163,72274044932.75,100758544009.221,167,50591831452.924995,25.48,4,3,False
PROJ_00972,2023-12-20,269455689718.84,326,112817120048.7,327728383626.31,313,102567118135.24,51.48,5,6,True
PROJ_00973,2024-03-06,299196300276.48,228,144097630330.35,350932987242.2,272,149930886718.43,61.63,4,6,True
PROJ_00974,2024-05-30,1510135916541.29,91,905696268999.12,1950200170900.09,113,888182326462.1,74.88,4,3,False
PROJ_00975,2024-03-23,97057981539.67,157,50354036084.01,67940587077.769,130,35247825258.807,36.94,4,1,False
PROJ_00976,2025-04-15,71249313985.73,34,22562104879.66,49874519790.010994,31,15793473415.762,14.87,7,5,True
PROJ_00977,2023-12-13,20344320129.12,251,7523071898.58,23223752267.49,223,8526401749.85,62.65,8,2,True
PROJ_00978,2024-03-06,789831984915.66,315,359419014018.41,884598184612.26,326,397004017391.59,90.51,6,3,True
PROJ_00979,2023-09-30,68569780647.43,153,23677415095.29,95419252092.48,176,21958547656.87,72.61,8,2,True
PROJ_00980,2024-11-19,664916438902.7,130,276958363447.0,465441507231.88995,167,193870854412.9,43.54,4,4,True
PROJ_00981,2025-01-01,83715881708.08,275,32329378210.25,58601117195.656,243,22630564747.175,7.68,3,4,False
PROJ_00982,2025-09-02,340562340163.4,67,194719300089.1,238393638114.38,80,136303510062.37,37.29,2,1,False
PROJ_00983,2025-05-28,37923420856.16,135,22186605756.83,26546394599.312,148,15530624029.781,42.87,3,5,True
PROJ_00984,2025-01-21,126211437027.11,204,72177824270.96,149009474850.37,247,71123232173.73,85.05,9,5,True
PROJ_00985,2024-07-22,19992640850.12,73,11878830714.05,13994848595.083998,72,8315181499.834999,39.28,5,6,True
PROJ_00986,2023-10-31,613316718969.01,58,283245274530.23,429321703278.307,56,198271692171.16098,42.73,6,3,True
PROJ_00987,2024-05-22,173723713185.49,209,82657832758.19,121606599229.84299,261,57860482930.733,28.33,6,0,False
PROJ_00988,2024-07-19,125095479715.15,375,54439929579.5,87566835800.605,449,38107950705.649994,33.15,8,1,True
PROJ_00989,2025-09-20,84585536585.83,488,37493149019.06,59209875610.081,541,26245204313.341995,37.5,4,4,True
PROJ_00990,2024-07-13,646525549799.88,192,379824507720.39,452567884859.91595,225,265877155404.27298,8.32,8,6,True
PROJ_00991,2025-09-16,1314389956715.47,169,593874294366.0,1389251668817.51,153,645842312264.29,52.71,3,3,False
PROJ_00992,2025-01-04,140804321859.3,367,54124215565.76,175061733839.84,422,50932321522.51,89.0,4,3,False
PROJ_00993,2023-12-09,765596557384.0,170,332882009278.88,1010159825671.89,196,372894851672.52,89.39,8,3,True
PROJ_00994,2025-08-31,73263983959.89,235,26158009403.56,51284788771.923,216,18310606582.492,33.26,4,5,True
PROJ_00995,2024-05-24,840719478721.77,370,380787831868.22,988697085888.35,312,365989712488.99,52.32,4,3,False
PROJ_00996,2024-06-24,333999745610.47,491,156973335406.32,233799821927.32898,619,109881334784.424,2.24,4,0,False
PROJ_00997,2025-06-29,696887930429.62,311,262206677831.33,487821551300.73395,316,183544674481.93097,0.04,1,6,False
PROJ_00998,2025-05-23,408300922955.78,313,192138764445.88,512566674428.37,302,174988994076.82,78.03,5,5,True
PROJ_00999,2025-08-05,497398751811.55,424,191872286456.26,348179126268.08496,340,134310600519.382,25.34,3,1,False
PROJ_01000,2024-04-17,1104156116866.95,156,463200774690.63,772909281806.8649,136,324240542283.441,8.35,4,3,False
