Project_ID,Update_Day,Planned_Cost,Planned_Labour,Planned_Material,Actual_Cost,Actual_Labour,Actual_Material,%Work_Completed,External_Delay,Internal_Delay,Delay_Label
PROJ_00001,2025-07-13,677743745756.7837,116,374815550109.4621,751592051756.162,134,434514356380.94745,59.82263688853912,4,1,False
PROJ_00002,2024-01-20,2939653198280.0767,262,1251188029673.6987,2039391832404.81,215,883745252756.9481,28.793472334420326,4,3,False
PROJ_00003,2023-10-23,127334293337.65247,62,49437938004.17425,87209137234.43953,50,32984788531.99298,24.320743838938245,5,3,True
PROJ_00004,2024-07-05,0.0,493,5728813156.792792,0.0,598,9514786423.51421,92.28837472668008,2,2,False
PROJ_00005,2024-06-04,533231013523.1617,50,217099141212.96326,372983699864.71045,44,154814615233.13705,16.663948099211577,1,2,False
PROJ_00006,2024-05-13,675758841832.0253,499,272839949387.02036,452499188356.81305,577,187561634909.0073,11.446980430887571,4,5,True
PROJ_00007,2024-02-17,3050708811194.201,368,960767232246.0167,3615963180714.546,393,925726566203.2258,71.18027498849655,4,3,False
PROJ_00008,2024-01-10,388936013957.9939,252,137541523408.09247,563359942055.7079,265,144267191944.54404,93.09637561779539,10,4,True
PROJ_00009,2025-08-20,196984686911.478,181,62029056447.366,134838792578.23,209,45603657310.1208,16.738722126653816,3,2,False
PROJ_00010,2025-04-08,292792691351.6098,352,112955546250.03949,329711052684.0423,392,115243576045.00154,90.93925587048955,4,4,True
PROJ_00011,2023-12-26,95601380896.99005,106,36423792852.88081,93813731299.2193,113,35039603696.27668,50.80064464306472,7,6,True
PROJ_00012,2025-05-24,132885563641.4085,121,58124624022.99104,134990061458.13701,106,71948712258.481,52.88349076138956,5,6,True
PROJ_00013,2024-12-03,505157335866.8862,358,203043769142.19547,335758650936.6204,419,141858873973.6888,30.512478852870252,4,2,False
PROJ_00014,2023-10-30,592711156645.4585,452,255095610493.17023,425321142631.9369,367,174239262970.90057,26.5435740627289,8,2,True
PROJ_00015,2023-10-28,255896119087.6738,190,130578570200.07924,315693077757.4787,189,144514618530.68335,97.98760708225204,2,2,False
PROJ_00016,2024-01-01,831867441074.0483,160,289001389992.74786,1029843281253.2623,135,306925568206.6182,51.71907538280477,11,6,True
PROJ_00017,2024-05-08,313656237363.4636,72,179740154431.61182,326060462981.3363,92,176007838218.0317,83.94505057117432,3,3,False
PROJ_00018,2024-05-23,189547793707.57758,359,93098474404.59532,217575198895.39307,459,94780954057.6854,63.818421700542395,7,0,False
PROJ_00019,2025-02-26,92459783112.55702,67,63310055608.79835,79628461419.29524,72,54175514649.08663,44.26045670639436,2,6,True
PROJ_00020,2025-06-05,195564871859.97668,229,60902382942.36704,139265043629.3746,253,49070074025.39229,3.8433900494266715,5,2,False
PROJ_00021,2023-10-25,269722176177.72748,259,165588809731.969,341614035335.953,242,146207071842.50787,50.018102149836466,10,5,True
PROJ_00022,2025-04-24,175407278260.02216,251,91507591583.92918,121732805513.51549,288,59278560983.15687,7.001747908126763,2,2,False
PROJ_00023,2024-04-18,553773299744.6199,286,324436812383.35077,685434545533.9512,334,320227084520.444,55.042516778457895,5,4,True
PROJ_00024,2025-07-24,863773353868.7156,93,460513999532.6525,582466920276.1902,118,330479466197.7555,32.01651627162543,2,2,False
PROJ_00025,2025-09-15,5764702713597.996,382,1889350424692.9795,8197569380481.431,348,1931574159879.4346,60.20074166695442,8,8,True
PROJ_00026,2025-04-08,31335902221.39542,145,20727456315.38671,37912214319.165764,116,9214966123.174662,36.981726833025256,8,2,True
PROJ_00027,2024-11-30,524403463610.8925,10,280295989278.68555,355071163287.0656,12,188486905122.43152,23.73250841600861,4,4,True
PROJ_00028,2024-05-10,1148936833892.4404,450,529564796204.86786,1277372195861.3936,402,552552032150.888,63.04528544674398,5,5,True
PROJ_00029,2024-12-30,1543137369340.0574,229,631200863076.2682,1060806382665.6196,191,439432061868.92346,25.733641147421668,2,3,False
PROJ_00030,2025-05-23,4086055303718.1562,418,1737547280701.4612,3801254938589.8984,458,1767006071329.3254,93.30224481848767,2,3,False
PROJ_00031,2024-07-08,276856963371.69086,108,88840685079.0052,203458455408.71222,99,65774658149.066795,1.2993091067774534,7,2,True
PROJ_00032,2023-10-04,516682732197.38135,497,252449313731.2772,389928045000.3273,404,185324458237.20807,35.88033437055339,7,2,True
PROJ_00033,2024-03-09,3044827568793.9224,444,1744069755758.42,4039557925502.909,542,1960281133104.717,61.84194945196742,7,5,True
PROJ_00034,2025-09-11,32006084209.09478,135,23151449347.59297,25111852684.860138,151,9185321554.671694,23.912561685651674,2,1,False
PROJ_00035,2024-12-03,1014251463299.7067,204,460116182764.0472,1147695948419.7993,196,448806312150.01654,97.11818278974151,5,4,True
PROJ_00036,2024-09-10,296354461436.35254,223,100138786137.67126,312661683716.946,247,103940199298.41888,87.31735520461554,5,2,False
PROJ_00037,2024-07-08,3837607807111.6445,23,1333963073267.0466,2698944275851.9717,26,925484812273.2596,13.490310741128285,5,1,False
PROJ_00038,2024-03-05,1952216051322.1084,95,791373415028.2596,1371920252997.118,89,535504287942.0695,12.097070704427964,6,3,True
PROJ_00039,2024-05-05,1310751589962.0713,449,584983489169.1484,911467509349.0173,540,404322899791.9943,32.97709724630532,2,3,False
PROJ_00040,2024-09-06,1061174448495.9442,344,576302607469.5181,760525020045.764,294,414683999684.1798,25.70106274327927,7,3,True
PROJ_00041,2024-01-10,832459695114.706,148,495657246601.4023,586338482810.0754,118,341343752346.2479,31.98163840195312,5,2,False
PROJ_00042,2023-12-31,11776206875489.299,428,4774278460090.348,13416739893092.15,385,4525048858323.356,92.76821023451116,6,4,True
PROJ_00043,2024-10-21,589740451739.0912,388,281151901573.28424,692219475482.0381,323,287827878827.0018,90.89994226214226,8,3,True
PROJ_00044,2024-01-05,26757067316.87007,76,9658681973.641113,4459777935.08875,82,5350707673.897615,33.625529385461874,6,3,True
PROJ_00045,2024-09-29,181486441375.69852,303,87644350096.71367,143254400543.49823,276,60256006812.154564,37.82576428464554,7,6,True
PROJ_00046,2024-09-14,1114153222604.2505,227,529023033552.63824,1104976907082.2415,250,536095443143.2844,50.51985745760397,4,4,True
PROJ_00047,2025-06-07,407855702818.8538,223,241923522978.49902,325384126793.69055,246,174851197791.8313,12.182175915912007,3,2,False
PROJ_00048,2024-06-24,103189793427.60756,322,24523922136.066437,49464607494.62028,337,20281443662.813953,33.286906433540274,7,2,True
PROJ_00049,2023-11-11,248770272355.59372,72,82632346318.75993,164358076754.94598,72,64718468544.5843,21.907006474073473,7,2,True
PROJ_00050,2025-01-10,168590560216.8121,314,55524591040.46993,113703554918.81143,279,25253491906.60917,47.18825683749697,5,2,False
PROJ_00051,2025-03-30,253289183332.96323,467,145237521450.81204,330353467079.8131,541,174949554136.9764,52.770169540060586,7,5,True
PROJ_00052,2024-02-02,347718147834.2009,311,184485197097.0426,231400625718.44876,252,120152460011.03291,39.81573458344396,4,1,False
PROJ_00053,2024-10-19,30778866249.644516,11,15468824573.537733,43128839073.3916,14,15107903718.064976,62.362504320854015,3,5,True
PROJ_00054,2023-12-17,421383672892.7936,68,232094016026.78543,429751083489.6707,82,291525876258.3497,80.01126765502272,2,3,False
PROJ_00055,2025-04-15,35449549561.32556,224,24307608187.61414,51072418908.92917,194,13009453135.10596,82.35052199701589,4,2,False
PROJ_00056,2024-07-24,1286945623514.4844,107,617178560844.3823,1348383780386.8508,117,599235360912.7659,66.36834114211985,5,2,False
PROJ_00057,2025-07-02,25248067633.48312,173,22891851518.790333,8553684041.677359,181,10720476976.01823,29.72981169262103,6,2,True
PROJ_00058,2025-06-22,1836377421522.9094,82,599223874323.667,2031725945936.8408,103,556151915990.82,72.99002470196464,7,2,True
PROJ_00059,2024-10-02,292933156866.9418,312,89797023806.53503,373348010935.26404,341,116015956119.5101,95.78569233093808,9,1,True
PROJ_00060,2025-05-11,62704661144.01483,400,17447427107.09107,48866871325.30485,335,17287700096.82307,69.45730366649966,9,2,True
PROJ_00061,2024-04-11,2143432198978.7842,373,1002286337919.6538,2474729146741.8257,300,922658324332.8788,80.04735071348613,9,3,True
PROJ_00062,2025-09-18,16092495596942.1,245,9584300746940.287,16976963816735.896,224,8743148533747.731,76.87354305057853,4,2,False
PROJ_00063,2023-12-08,27291164318.656822,353,12003686843.145336,34524251672.50254,290,6071714439.311603,95.65492235076744,9,4,True
PROJ_00064,2023-11-13,657421283100.2751,63,375524910094.2037,801200480171.9437,67,420078506422.0153,88.4063005520963,6,2,True
PROJ_00065,2025-08-05,92460556063.80342,114,36857303648.02842,70204559875.47794,91,36785975115.21601,27.368546319858215,3,4,False
PROJ_00066,2024-05-18,345295144083.41595,46,123278372109.8545,401959111225.9804,56,154878990749.788,68.12273722135711,6,5,True
PROJ_00067,2024-07-20,1117305957613.8743,354,646205970111.758,790440327941.6691,381,462136031928.6724,10.466970353425667,6,3,True
PROJ_00068,2023-12-18,108968578633.63928,22,46138917469.56761,123390031823.22932,27,55879908542.80073,98.17926871932256,5,6,True
PROJ_00069,2024-05-23,268594223843.28372,26,131087367018.17757,262272237527.86777,21,158858789761.6642,70.96309021638157,2,6,True
PROJ_00070,2024-01-09,1778663837315.1816,468,913437447821.4735,1262210960142.4868,533,631684768878.0519,44.55401187845164,6,1,False
PROJ_00071,2024-10-21,219410421400.44324,30,132446942816.66808,276584950005.1817,27,122728778092.12871,85.53934628227813,7,5,True
PROJ_00072,2024-07-08,256018656624.94797,59,130783886373.4795,263739639047.15375,50,147815223091.68674,62.667626943232534,1,4,False
PROJ_00073,2025-01-04,43196137033.364044,453,12536288906.716068,45834277313.80739,471,12388475764.074373,58.20716359835137,4,1,False
PROJ_00074,2025-07-09,1515146565509.6816,298,887681392391.211,1476679625166.7812,310,856442472858.1921,90.63174554281403,4,0,False
PROJ_00075,2024-10-05,1922591616771.2712,251,767172878748.112,1927453458346.4255,217,822526313743.0436,51.49210443907527,2,1,False
PROJ_00076,2024-03-12,1426466207253.9941,491,446655680276.66785,1921493883578.3103,585,471983325356.9667,67.12002902945152,7,7,True
PROJ_00077,2024-10-11,4090373749113.358,21,1534964035056.089,2873495500284.093,27,1081214169249.3981,15.863498520350415,6,3,True
PROJ_00078,2024-09-25,69748884990.73506,44,29049489440.319904,20354249884.72298,35,8344063651.490893,41.86615529536708,6,5,True
PROJ_00079,2024-04-29,3148222408649.896,429,1335436546539.5842,2212532393826.2866,551,934008689850.2183,27.700952426876658,6,3,True
PROJ_00080,2025-08-14,322489588049.7949,327,106014251908.98073,215970859095.37186,357,61146546908.9816,40.339322008302254,5,2,False
PROJ_00081,2024-06-27,25616349089.266983,296,19899478032.79245,26802808996.8018,242,6377945263.9295635,7.408540311632626,5,3,True
PROJ_00082,2025-09-15,218633530209.7371,129,106958812244.32613,253692800622.00476,163,97601481166.80922,58.41954876863492,3,1,False
PROJ_00083,2025-08-27,262061697440.59473,254,94498865475.59781,187577785282.98965,269,58156986261.92799,10.120505682514429,5,3,True
PROJ_00084,2025-07-22,71653402628.634,135,25612144375.375816,84084904706.1022,149,24811330296.401337,70.24256013946574,5,6,True
PROJ_00085,2023-12-10,165254554758.08255,337,83706493254.44672,212857985726.36646,318,84174468661.59712,91.86954653329892,7,4,True
PROJ_00086,2025-06-12,2041343353324.6995,141,1017508549293.2634,2531791497100.137,161,1039564209006.827,81.00332443267824,6,2,True
PROJ_00087,2025-07-09,36884434734.36396,300,15968880936.67075,22821454643.339146,320,4090420271.432624,7.325746908667998,8,3,True
PROJ_00088,2024-03-21,913531242101.3491,373,535569792010.86005,616192517760.7234,472,372976233024.7219,2.069810093478193,1,4,False
PROJ_00089,2025-03-27,342152768873.1941,382,128265960828.0638,231994727658.79486,435,81193863101.70416,30.932971482098658,6,1,False
PROJ_00090,2024-06-04,5224048731426.692,321,2810271872440.2563,3635335123027.568,359,1970027372051.7578,18.59232864144982,5,1,False
PROJ_00091,2024-03-13,2393735282904.558,280,1152820451941.4072,1665847002307.99,287,806590269738.9294,41.32057704327986,7,2,True
PROJ_00092,2025-01-13,731165586364.3785,235,319787119150.6093,745770911755.3807,204,309954811502.29095,53.744729687640195,3,3,False
PROJ_00093,2024-10-20,4022352591225.2207,51,1721148430949.2146,4868876650292.836,42,2011504591606.1575,71.92512842920021,4,2,False
PROJ_00094,2024-06-30,136159453092.10974,388,53263520447.506836,130633412689.18459,347,41094110345.69154,61.456016360318216,5,3,True
PROJ_00095,2025-07-14,38276491549.46419,300,14926593187.20279,9623726405.6973,307,18173477738.010704,46.48683356845838,3,3,False
PROJ_00096,2025-09-01,2356457579486.58,477,1028913954768.6155,1642301660946.0378,442,730417952900.3824,38.15281713799043,2,4,False
PROJ_00097,2025-04-20,527413186628.2234,469,269268656794.82187,584254221898.4073,594,287672795335.385,71.03406854143232,2,1,False
PROJ_00098,2024-05-09,73983404098.99095,416,53274725558.623825,111980793391.80077,376,55896510431.17198,87.28695599952034,6,5,True
PROJ_00099,2025-08-29,148406996313.39923,215,86380938518.38011,185780190649.07568,211,88294665285.3906,64.34548840118357,7,2,True
PROJ_00100,2024-08-25,371624982757.2871,297,117011120794.98822,391845482729.1794,327,114371932079.54935,59.444228290074875,4,0,False
PROJ_00101,2023-11-24,1808967988933.1643,427,801276615449.2986,1291278616213.1343,363,549515361935.0704,5.816084069666321,5,1,False
PROJ_00102,2024-05-19,315343188535.29663,112,130658043942.30684,239476462861.11194,111,79663730343.44789,23.206953671458873,6,4,True
PROJ_00103,2023-10-30,119173778122.94156,414,39832792735.82651,127775327013.52913,444,17571319506.544044,25.954136543625356,4,5,True
PROJ_00104,2024-08-16,75622677792.12447,61,17310819640.72262,42952708651.311005,57,22325964666.518417,65.2076495669375,6,3,True
PROJ_00105,2024-11-11,1110225175065.037,293,536373058990.0798,1200133474425.248,246,601710361443.2703,65.93074279712354,5,3,True
PROJ_00106,2024-06-28,88817730285.9722,375,55586219730.39343,129937360811.54868,396,74510110107.80031,97.00487443000299,6,1,False
PROJ_00107,2023-12-04,108451920998.15033,338,54792439350.01953,82379450684.29062,381,38615755717.68561,20.5131741693816,5,7,True
PROJ_00108,2024-05-01,754262025930.9875,192,256385616924.77527,523532052938.9383,248,169883893501.48004,37.85511424370533,5,1,False
PROJ_00109,2025-04-30,1011211985774.5875,277,567221862175.5662,714605500079.7692,322,402300879679.271,25.499839733216085,10,1,True
PROJ_00110,2024-08-15,338764072090.362,97,133414611619.78357,244693670821.20456,98,101594456637.07764,41.27404401902211,4,2,False
PROJ_00111,2024-05-02,2382802869913.7217,373,1228808738307.6985,2719416506046.7095,364,1404230359102.1929,99.29893578433786,3,3,False
PROJ_00112,2025-07-30,280611791968.9415,99,147430426029.25955,295580374862.2647,98,162105558280.80627,83.15402880665155,2,5,False
PROJ_00113,2025-02-20,118024876472.76556,163,46752924487.18549,69955786230.49881,178,31759507047.314293,41.21421311589982,1,3,False
PROJ_00114,2024-11-06,137995056182.33878,345,53495875649.40048,158306372662.40448,395,58116805397.30418,70.1376456328604,4,2,False
PROJ_00115,2025-07-17,376353695351.54987,182,130766167453.72038,269105514380.3526,182,89412717750.43536,32.962872765893465,3,7,True
PROJ_00116,2025-01-09,1948691177156.61,409,715228774575.627,2021254548026.4966,425,732378882290.129,56.617878848089404,8,3,True
PROJ_00117,2024-02-21,418853295234.7017,99,125082187624.50972,498641763214.8322,82,136891811697.80629,72.8846262246701,6,3,True
PROJ_00118,2024-06-25,92385486959.90276,229,46822099523.47356,78281118437.66823,254,46163316681.07758,97.60443967819528,4,1,False
PROJ_00119,2024-02-17,29472952065.728645,484,9237208474.054708,57189872963.897896,545,18204602071.420296,89.85817266641746,5,4,True
PROJ_00120,2024-06-06,21604571601.428417,354,35249558567.177765,71226126154.08871,404,35784780638.25892,96.6945509450427,1,2,False
PROJ_00121,2025-04-24,1485249910893.7925,432,762422165667.8853,1419248268933.8735,359,806873502251.5187,54.41237445589674,3,6,True
PROJ_00122,2025-04-01,250602828172.11465,201,126328796644.7172,191401048735.66562,186,89903277180.90659,49.6815880631282,5,2,False
PROJ_00123,2024-06-23,3513952620976.008,378,1078855342686.1661,2451423532248.5996,356,758876911446.1305,6.529726056156859,6,4,True
PROJ_00124,2025-05-18,5449401276163.535,64,2676806396022.0967,3785215957819.441,52,1884286640139.044,19.467963578781582,6,3,True
PROJ_00125,2024-12-09,1058261393438.3114,110,460315731028.0863,1357318399419.1387,88,487527563711.55664,61.716287524258185,8,3,True
PROJ_00126,2025-05-17,4796525287493.279,427,1753743742248.5522,3367930764400.3115,529,1226384653124.749,38.0314826792208,7,3,True
PROJ_00127,2024-11-09,161768243992.8692,227,54721720471.54593,108859414825.61238,258,38090953774.833145,24.163307401358654,5,5,True
PROJ_00128,2024-10-02,147684155942.74142,432,55207890373.81618,183241302097.98715,360,65647573989.22212,65.62233893214554,2,3,False
PROJ_00129,2024-05-09,2909902006933.7344,493,1638387408855.5889,3326707271239.16,635,1525145389140.4634,76.45675437176504,6,4,True
PROJ_00130,2024-02-16,162884187738.63092,353,48687657915.97027,163866348064.8355,294,39445984123.56113,96.55282105996965,10,3,True
PROJ_00131,2025-03-02,377181470102.7888,317,145795330793.8968,418208971936.2287,291,166976722550.9115,59.741691373964294,3,6,True
PROJ_00132,2025-02-14,361902228623.56866,73,203145921708.47,424473260509.09247,83,178101916476.96976,57.29395728921391,6,3,True
PROJ_00133,2023-12-30,298668222205.85815,24,136909128148.1857,408573092048.52496,26,127721621214.70421,89.39818652120266,7,6,True
PROJ_00134,2023-11-15,98261125338.30145,277,51521830465.407455,124438681229.18982,337,68453827034.10773,90.53367480158006,6,4,True
PROJ_00135,2024-01-18,173135885745.3547,254,85854196986.61978,196089182997.8176,267,112239870949.6418,51.188235522175084,4,1,False
PROJ_00136,2024-03-02,5647118436670.833,156,2471292924787.334,6886746822673.948,180,2826273721898.857,92.88473481207342,6,5,True
PROJ_00137,2025-07-01,1121459280856.76,170,484935186049.77893,786695423824.5201,216,342437743039.192,36.72591393335272,3,1,False
PROJ_00138,2024-03-09,72702358277.0086,340,38100780547.839264,75241376305.08282,412,34002268076.854706,50.248685436637686,2,3,False
PROJ_00139,2025-08-24,775866777815.6123,277,290096888170.22656,539169852319.06976,314,206059063150.35495,48.552090692977714,2,6,True
PROJ_00140,2024-12-03,1470332479039.0198,197,541082922905.1547,1036129785872.0833,196,372141623569.9157,38.57575904927483,5,1,False
PROJ_00141,2025-05-30,64593768740.8578,16,17050459955.407095,53895183897.72863,16,20268760297.14748,88.97145681709017,2,3,False
PROJ_00142,2023-12-02,1397181295811.1199,427,764646674842.9219,1795676847414.285,386,904934566842.6233,58.08429511822958,4,3,False
PROJ_00143,2024-10-26,34010094142.922676,271,14752849868.20805,0.0,262,3850681707.4557066,45.86610877911463,6,5,True
PROJ_00144,2024-10-22,443207676739.40594,171,157751356223.20242,310564352264.4712,222,107260711952.98047,24.342354574249473,7,3,True
PROJ_00145,2025-05-30,155108480081.42844,282,87445060181.64534,109892406567.62708,330,63429682249.22646,29.848944477204885,8,4,True
PROJ_00146,2025-01-19,428960296654.25995,434,238517938908.69028,473454603306.91284,431,243314944447.0664,94.45373178155755,6,2,True
PROJ_00147,2025-03-22,19209405987030.586,188,10915474766208.727,13462017767926.268,210,7648940121355.192,45.64734647833751,6,0,False
PROJ_00148,2024-06-11,72805344395.35634,332,36326179684.01042,92389043895.98558,315,46212014968.53548,51.0303797541061,3,3,False
PROJ_00149,2025-04-16,135278894822.65654,193,64718507263.33834,128159666548.84637,187,65691811504.202065,79.5263439144734,4,0,False
PROJ_00150,2023-10-09,432976680039.0956,44,202081486774.13437,305727906494.08545,37,149422077724.9381,8.931444485224933,3,1,False
PROJ_00151,2025-08-24,331835096885.0274,25,175904599346.67416,252678063653.97055,21,119511349936.80177,11.509989237985488,5,3,True
PROJ_00152,2024-01-23,342719683873.36505,304,132197333616.09306,413458780063.5732,346,128575751062.62111,63.70541498603811,7,2,True
PROJ_00153,2025-08-26,1159835911421.0808,417,455393662387.3528,1415171661806.1504,373,509185070363.93066,56.572944018599024,4,5,True
PROJ_00154,2025-03-30,933996263335.7429,218,297858150683.3143,1131570554555.7964,213,285546519098.2609,83.84494141245112,0,3,False
PROJ_00155,2024-06-27,166090098038.42236,109,91394229065.42407,190383085544.6009,101,108585806230.51613,94.30348324985745,5,4,True
PROJ_00156,2025-07-15,125073536768.42265,20,91315142474.11719,130454588333.4782,18,79323744730.45996,70.4162598183625,4,4,True
PROJ_00157,2024-09-10,143264321970.9077,498,58731863113.63442,180713024804.2225,581,73228649758.18158,54.913733778679095,8,2,True
PROJ_00158,2024-01-20,410073978327.0158,319,147722715331.1672,422568250237.38464,388,128524388209.79631,88.98450942114214,2,2,False
PROJ_00159,2024-07-24,34019136595.462826,479,13316036032.119417,32300053602.334454,478,13059918405.852732,95.02132914431802,4,2,False
PROJ_00160,2024-12-16,38039715757.9845,474,5510048134.23255,31727394408.94666,383,16785946025.89174,97.51355492546155,1,3,False
PROJ_00161,2024-03-07,377093297512.2993,253,186193546053.16794,537760289355.68994,209,203176737707.57285,57.18800974567379,9,5,True
PROJ_00162,2025-01-04,419009213906.4421,128,211670325784.26654,453410950896.34576,142,243678584933.36826,99.22475713191729,4,1,False
PROJ_00163,2023-10-01,61249084831.5745,190,26532302396.017086,72676206254.95505,191,29810665164.61004,90.66369929199325,7,5,True
PROJ_00164,2024-06-23,106143152107.20564,131,62068192348.59052,77419435475.56927,108,46609668917.77394,7.703902340454112,5,2,False
PROJ_00165,2025-02-21,182535729163.2154,79,62435596259.26103,212255067805.52966,63,69051244277.59389,63.83137057104492,7,1,True
PROJ_00166,2024-03-28,83623661178.19307,282,54132170979.02928,136595932287.07219,295,47929401011.09831,52.234406869986785,6,3,True
PROJ_00167,2025-02-28,50966424638.23433,261,33595213746.28706,66382804537.94431,271,19906561858.962498,51.60016553172611,5,5,True
PROJ_00168,2024-01-14,290028734313.119,355,124130230951.21155,315814345106.825,323,105547248117.12437,78.62653589068357,5,2,False
PROJ_00169,2025-06-29,176120571819.62268,230,76069065093.75488,232426490854.03915,213,83094063876.04901,72.0015339357846,5,7,True
PROJ_00170,2024-07-29,183046443008.05368,484,61174454495.17629,219517977443.89197,418,60093890051.155495,94.14855717875663,8,4,True
PROJ_00171,2025-07-13,125320698811.2434,147,39593974809.47984,94480990954.34494,131,30371728203.65761,20.517450891494164,1,1,False
PROJ_00172,2025-02-28,1110256093558.1692,178,614108657164.6818,794258191313.7123,190,429701094100.5154,42.09777156876159,5,7,True
PROJ_00173,2025-06-12,672703466100.2977,18,253811669321.91092,781418415248.6041,16,232328977380.95557,62.99040653733059,6,4,True
PROJ_00174,2024-04-18,238244868650.43213,387,105784474267.36365,268402097541.71283,341,126709276822.3031,86.04683426158954,4,7,True
PROJ_00175,2024-03-02,129358412002.35237,348,62908896366.766945,91248680706.18784,299,41196946640.19074,12.767910466313445,7,3,True
PROJ_00176,2024-10-14,625022488215.1947,98,213240628978.062,436079176209.0392,105,155693583041.51196,30.855530262131527,9,1,True
PROJ_00177,2024-03-11,78606971990.76149,410,40887087102.488556,42143365719.577965,370,29269720918.162186,42.886541800301416,4,2,False
PROJ_00178,2025-04-02,134313821731.59634,224,59993273960.017914,166504349233.4541,199,69879785505.80046,75.0493019222461,3,2,False
PROJ_00179,2025-03-24,230806778717.96625,462,77728598912.57481,234533040075.8444,507,77920157174.30046,58.36686980276332,3,5,True
PROJ_00180,2023-09-28,4627757398891.749,412,2259139653957.4785,4890917738792.28,385,2428700457458.3193,64.89974010689663,1,5,False
PROJ_00181,2025-06-02,249086473163.37476,287,116809880068.34741,185145925685.67615,325,80643539748.50172,37.59528840743872,4,5,True
PROJ_00182,2024-08-24,103921015439.2821,253,47604668772.3431,128528212093.68652,213,51389785491.76817,91.40790218469816,4,4,True
PROJ_00183,2025-02-09,567056246685.9938,56,165956583071.88153,405428329240.26306,61,125681242748.09412,35.53135848915183,1,3,False
PROJ_00184,2023-10-17,58943029226.381035,347,26876015579.114223,35225434921.20535,341,17923756803.51415,82.19710707163988,7,4,True
PROJ_00185,2024-01-20,1718464999214.3984,350,733235999181.006,2214062239901.5425,362,666595754052.8419,87.29626742753824,7,4,True
PROJ_00186,2024-10-03,129531140873.72992,12,49788333693.65022,121879701572.71277,13,61463389242.38997,65.32425843756425,2,1,False
PROJ_00187,2024-08-07,779775201658.0088,300,409861352018.7,535188073946.6985,280,291523036508.2498,0.7091039131516457,5,6,True
PROJ_00188,2024-05-30,856259375186.6389,15,405591421212.9656,1021474999721.3646,12,369762862685.02484,50.14041845289825,8,3,True
PROJ_00189,2023-11-26,392370525508.94763,159,176869861859.05853,275763805132.56744,146,126179875965.63419,34.62072350697246,6,2,True
PROJ_00190,2024-05-31,1979558711300.699,161,953629843273.6495,2220763528639.1562,177,893550560720.1978,55.897366614497244,6,4,True
PROJ_00191,2025-04-30,77077304905.70903,291,38451514417.27992,48346292041.30544,251,29682573523.325283,11.461050422275823,11,6,True
PROJ_00192,2023-12-17,1570154170899.2314,156,873206546604.9647,2287482763771.056,167,1040072173173.2878,88.16559060579641,5,2,False
PROJ_00193,2023-12-24,444435973371.9096,182,188682098388.28278,468586430969.6263,209,198069378665.77295,51.444268700100416,4,2,False
PROJ_00194,2025-02-06,169561558926.7037,488,66663431034.50151,114757588222.03555,577,54562980912.09096,0.834499947388248,3,3,False
PROJ_00195,2023-12-07,919017216733.6205,304,474653921005.054,1107729744301.6348,267,472583131456.09784,75.99217424458796,1,4,False
PROJ_00196,2025-03-26,30759058695.511105,355,32913096963.473526,65533676210.13099,359,36894972542.45741,57.74755107326047,5,2,False
PROJ_00197,2024-02-03,32179226292.281395,90,15013183242.414188,20040391462.231155,109,17206738208.65681,13.247277106981375,8,4,True
PROJ_00198,2024-02-06,819837913045.6759,489,442220134872.38074,587951393769.8309,606,312553484164.8697,18.871730655444406,4,1,False
PROJ_00199,2025-08-03,136934297718.33817,187,82786189611.98477,112748499157.85312,193,56113699223.40943,42.89716072793944,5,9,True
PROJ_00200,2025-01-26,72572903582.98286,300,22486090519.92641,56920611670.40405,365,18771002568.336754,36.16985001682237,5,3,True
PROJ_00201,2025-04-12,6701873608197.51,350,2808142392905.0737,4698311512929.462,388,1970331326378.7239,38.93972578441295,4,4,True
PROJ_00202,2024-03-15,23051677755.876606,59,5217226929.780285,9773034859.934534,67,8022621810.557645,80.50075220767648,5,3,True
PROJ_00203,2024-06-25,49631008488.460175,348,25884223911.697407,35926470589.64261,397,27148199566.564445,81.10655967878223,2,3,False
PROJ_00204,2025-03-21,262516594007.7403,305,134696316084.58635,270115838239.5014,248,143712962865.09567,95.87465828654344,5,4,True
PROJ_00205,2025-06-10,431427606522.22534,125,168582821977.58435,481399617434.5199,143,169977145836.5263,69.06952071669005,7,1,True
PROJ_00206,2024-12-04,781056578588.3811,382,247548378270.87637,565161768003.3263,345,172726194464.2252,33.24754329104521,5,1,False
PROJ_00207,2024-05-01,10791287066.682045,403,6399302132.29683,29050600820.614117,449,10957942631.505196,44.05591788243564,4,1,False
PROJ_00208,2025-04-02,53221921793.52827,22,8870510066.319536,28881113483.580135,20,11050598771.113396,20.865411727307112,4,1,False
PROJ_00209,2025-09-03,213542388060.8881,495,99373739363.50609,131829153875.69678,573,71041390451.88249,30.333537280362677,1,4,False
PROJ_00210,2024-04-20,54558806926.52465,98,26876245600.36878,82009771180.4851,120,30659111704.463165,66.71931333168452,8,5,True
PROJ_00211,2025-09-27,123157391249.63055,354,66423337981.07797,134491749574.80368,443,67770448317.544754,90.19521049320642,11,4,True
PROJ_00212,2024-08-12,3387336722525.7046,327,1164090343275.8662,2381607464834.677,404,819395990160.4685,37.70906278501368,6,2,True
PROJ_00213,2024-11-09,502173332231.978,285,215511067626.1508,367288841249.6957,338,149083961984.70752,23.113097591631536,4,6,True
PROJ_00214,2025-08-15,2544713500206.715,410,1316964066451.693,3123942766294.146,486,1226797264267.5168,93.48220354982615,5,3,True
PROJ_00215,2025-07-24,26503769826.110977,322,9683048165.179993,39740342396.32659,374,14683447140.911793,83.82340531029485,1,2,False
PROJ_00216,2024-10-14,35966057418.78997,199,25088825405.342632,44732585272.930336,190,20287891527.64205,60.98221544707998,2,6,True
PROJ_00217,2024-12-19,101263954950.40181,442,38301205095.80111,80420664774.66133,415,22979977713.628723,34.494732365443625,4,7,True
PROJ_00218,2025-03-10,1192412329093.5547,92,473934976138.05383,856535204062.0319,77,333631992247.90765,34.09849393107694,3,5,True
PROJ_00219,2025-01-02,57007749575.80262,151,25690314124.464863,61408189350.89662,141,34507653988.49075,91.34243344005932,1,2,False
PROJ_00220,2024-01-29,123919519400.5957,292,40640939985.32318,99894486769.85165,260,19994778474.126305,0.5837345556904943,7,2,True
PROJ_00221,2024-06-07,2034869406009.9448,223,711702842223.6366,1448731449515.2166,202,497180172230.0905,48.57911855622914,5,3,True
PROJ_00222,2024-05-15,85941320802.80193,236,38626355812.96065,85807862789.28998,243,40212922505.90526,65.50849053763129,3,3,False
PROJ_00223,2023-12-02,407343092785.5882,458,211254426149.53607,477291698805.7135,545,196906635234.40726,61.855768005951404,7,1,True
PROJ_00224,2024-09-08,333310591053.16797,287,120540501494.33856,383644334255.31494,241,120236082215.56474,61.329117383398106,6,3,True
PROJ_00225,2023-10-19,2070460329313.7122,375,730171395903.6847,1466870523138.5989,412,521443518062.53534,13.896612740550617,5,2,False
PROJ_00226,2025-05-22,66580758050.34874,68,32575667643.877842,75097091634.92018,66,39414070481.520454,96.84735590130212,4,3,False
PROJ_00227,2025-04-17,1850979466169.5652,369,748273139890.0798,1294201386315.1875,462,509341802039.7659,43.749014693554486,7,2,True
PROJ_00228,2024-05-20,359057958865.0902,203,173303868810.28165,260499565532.44727,246,115666075798.64851,23.37568352487394,11,4,True
PROJ_00229,2025-05-22,231037993888.5055,13,118696023266.99213,309177598464.52057,11,135985326720.4707,50.135670536707735,5,6,True
PROJ_00230,2024-05-10,214094040797.97058,202,94919843508.88167,269268990197.1825,224,89563102445.96623,78.48536402485674,3,4,False
PROJ_00231,2023-10-05,623422325001.9683,39,350943974371.28564,458918148474.2577,35,248613804257.54834,13.066336491987908,7,2,True
PROJ_00232,2023-12-09,274864554812.75745,218,92044723513.97057,287202766026.41925,237,89233536300.99338,86.47293126786212,3,2,False
PROJ_00233,2025-09-21,116568717741.5549,313,64504855403.6074,83090679380.0016,338,46105138554.82513,36.41975084435508,1,1,False
PROJ_00234,2025-07-05,336796218915.96436,72,106785168522.62062,235403729914.7968,65,79890351060.12804,42.638188763042834,6,3,True
PROJ_00235,2023-11-27,324252961743.2062,302,164580539034.68973,231508469359.41235,267,122813644675.8976,48.56547381719104,4,5,True
PROJ_00236,2024-05-19,27720513031.652435,43,2686521051.83228,5066190635.9706955,37,6232842217.287937,64.14485289758761,5,5,True
PROJ_00237,2023-12-06,2678061313897.997,486,1595589201755.975,1854302276499.7302,497,1117808331117.645,2.891876583411138,3,6,True
PROJ_00238,2023-10-30,333741167921.5827,25,114132669386.46234,427614681632.8558,31,142025429880.52203,93.42610258894906,4,1,False
PROJ_00239,2024-08-31,59621206467.85664,115,39172989226.526665,86618519752.6803,143,52323518442.62974,60.20205133414015,3,2,False
PROJ_00240,2023-12-09,926657047972.742,234,431136029191.93726,981891693388.1243,273,451199694355.5278,74.78335954854367,2,2,False
PROJ_00241,2025-03-07,1058750539664.1505,433,346186144542.97174,748187861686.3472,424,259030112013.04465,2.766414996344313,11,2,True
PROJ_00242,2024-05-28,563776941692.8862,159,198993667416.94785,720424346094.3989,177,210741503706.66812,71.33128731920411,9,2,True
PROJ_00243,2024-07-09,1876445708777.6982,151,641512527054.2046,1313411811035.0957,145,444933943351.7772,12.709419356443718,8,1,True
PROJ_00244,2025-08-13,2413433012849.173,104,1015766596338.8896,2647050106658.073,134,1035489642841.6268,60.60649037565608,3,1,False
PROJ_00245,2025-02-06,1624274307818.1653,108,926870458303.5494,1134843045577.3657,100,648151332550.0632,46.335730714044516,7,3,True
PROJ_00246,2024-05-04,411050696303.4341,406,117260635541.7121,272876920098.03577,434,92008283470.90965,28.385007789736182,4,3,False
PROJ_00247,2025-04-02,1897912118566.0876,471,593155174845.0717,1321700716153.5347,590,422222567704.6498,29.603233552950893,6,4,True
PROJ_00248,2024-02-10,1471559281197.8455,149,609728464281.3809,1650003506459.2427,171,604598085056.4138,90.93789126917115,1,1,False
PROJ_00249,2025-05-04,50087503950.05298,314,30809590427.34701,58959363062.88254,260,33470270281.91605,30.724498177873876,7,1,True
PROJ_00250,2025-05-10,519871772114.22626,367,211604743448.87888,633514882130.3673,316,221167362368.17834,66.12136320810096,7,4,True
PROJ_00251,2025-01-24,704618061839.0227,436,360536713639.4235,485992045171.6002,413,251531048478.62134,21.503417016460975,2,1,False
PROJ_00252,2024-06-02,1229261469637.3677,386,514755290912.18115,850812450947.0007,468,358876026017.0835,29.53649700491705,3,3,False
PROJ_00253,2025-01-24,9862473744266.832,231,4019627432283.6553,6886818260098.829,288,2821570552610.6133,30.64877436296677,5,5,True
PROJ_00254,2024-11-17,727039812072.1897,432,420354816251.99896,481550565159.08813,540,296690625318.90076,8.65143253905364,5,1,False
PROJ_00255,2024-04-09,207055390733.75247,452,76737211225.24529,143968049130.05972,364,50780769316.60256,44.19849441035874,3,3,False
PROJ_00256,2024-01-02,285396089670.6877,233,103149653826.61308,329787085829.8663,195,92315836570.02191,62.7806927619424,2,4,False
PROJ_00257,2024-01-05,195666210238.80356,357,76350231953.89223,201182430393.9253,384,69121078632.33763,59.57224295120754,7,0,False
PROJ_00258,2025-08-02,140116547864.53198,336,36244452785.974304,116981555031.48401,297,39145380096.480835,4.4469060941016645,3,3,False
PROJ_00259,2024-12-12,350202299156.7034,434,124322364098.46794,234477669829.84186,359,86793606058.97435,5.9359724270809915,4,2,False
PROJ_00260,2024-09-24,159898753415.33197,489,54533551571.712456,116086679767.41794,434,30403509307.51735,33.53064742870932,5,2,False
PROJ_00261,2024-12-04,720721365030.9917,379,279077697564.57166,987462838099.3229,340,328272708136.7626,78.20979500992655,10,1,True
PROJ_00262,2024-11-21,1326106606700.0796,298,725646915706.0625,1364617980566.0889,386,691290703197.615,80.38784335470567,3,3,False
PROJ_00263,2025-01-18,89602313452.02768,55,18288808487.941353,111365996159.13478,50,33425013411.26103,72.88007202765027,4,5,True
PROJ_00264,2023-11-22,112565141444.88559,437,47276343235.97845,136069111146.38266,456,48231166489.89814,74.25991373619593,3,5,True
PROJ_00265,2025-08-17,161808407858.8478,410,72223205194.41846,87788164112.314,354,53276586179.43672,18.370956766705145,4,1,False
PROJ_00266,2025-07-28,96048768003.81505,353,40946776114.069176,114562996119.48897,314,47074477777.78136,89.65337159983025,1,8,True
PROJ_00267,2025-07-20,125367638103.5156,43,61715043766.0466,127540432301.72577,42,57510976106.18371,59.54840770855072,3,4,False
PROJ_00268,2024-01-06,1472304123516.4426,118,786518625633.6976,1663540872299.0164,146,716366234327.0529,93.24674204786675,1,8,True
PROJ_00269,2023-11-29,535403649788.23425,126,,561227954539.2878,133,186888777291.95322,90.38452259196828,1,3,False
PROJ_00270,2024-11-13,415995772253.7116,329,210057965737.5887,561938306504.736,314,219444929333.0466,93.2284070061156,6,4,True
PROJ_00271,2024-09-09,2284276730574.7363,476,951701321138.1737,1598465812462.7273,568,671388469414.1077,0.9941515194940922,8,1,True
PROJ_00272,2024-01-17,1082023449482.0264,219,429349375725.4711,1262286800189.6912,209,494588586046.09546,80.84811746539377,9,3,True
PROJ_00273,2024-06-08,277328648780.7952,193,101849032555.69696,341189090047.82245,162,103358408561.9572,94.29160793723517,7,5,True
PROJ_00274,2024-04-11,746838187912.7366,426,264741985712.7707,980564424749.4569,427,302887908249.3669,72.00276980193814,7,5,True
PROJ_00275,2024-04-09,1624935574065.1306,273,825061047893.9846,2138056242974.9739,241,852569566794.9993,62.82708088622292,7,2,True
PROJ_00276,2025-03-30,126458977391.68575,356,44816996005.192024,76285530206.54115,418,30433393488.052013,7.176297649811847,7,2,True
PROJ_00277,2024-12-30,1262498103437.1687,496,676618596383.0474,886455875867.7112,534,485389124243.74194,25.965750070853918,0,4,False
PROJ_00278,2024-02-18,1143568471976.6345,166,383440716289.4721,802287597791.5206,135,258864820384.4097,6.775986950673301,5,3,True
PROJ_00279,2024-12-03,2144482435751.5098,470,1106237201777.4792,2270499379153.952,565,1113436666725.423,68.68136367613106,5,0,False
PROJ_00280,2024-04-02,25081809267.765064,202,11172015799.488243,21531633372.980457,252,13798543710.51886,39.85524488984032,6,0,False
PROJ_00281,2024-07-09,372826378502.57745,464,125522316453.36949,414329816566.71356,440,133835376904.36499,55.53835985561728,6,2,True
PROJ_00282,2025-01-13,85880922509.61575,119,56419821855.86757,79243342874.57605,146,39935993805.20497,71.62145607142118,2,1,False
PROJ_00283,2024-06-09,296614704148.3978,286,161045177637.98746,181798825158.9221,270,110518348678.77942,16.811722454882926,2,6,True
PROJ_00284,2023-12-14,1311638530344.222,336,630896044597.0757,1249368189522.8157,428,612880092038.3279,70.11259362947686,6,3,True
PROJ_00285,2024-12-24,1261264501537.2974,64,535582431679.6815,1565465028559.2896,55,618671901042.3722,94.70452550759877,4,3,False
PROJ_00286,2025-04-13,1929606436291.8323,400,1053922348351.6272,2592376699491.185,414,1105788489999.414,56.23093112317895,10,5,True
PROJ_00287,2024-01-06,556353729161.8416,22,217709310263.05972,430516601389.52783,20,214475183491.72058,68.37105793622312,2,1,False
PROJ_00288,2023-11-18,132746168322.75125,238,83267074401.53687,89888442195.18054,224,54135847442.39508,39.70997770946915,4,3,False
PROJ_00289,2025-07-26,577874161503.4315,221,324856907221.438,393847697035.0399,259,234121254100.218,32.80903714280051,7,2,True
PROJ_00290,2025-04-03,16398774220.102829,101,3314708638.378813,33234792489.625412,82,15761418277.400015,83.00796571665661,5,7,True
PROJ_00291,2023-10-13,179938598270.5429,127,99498949315.00372,135155439675.57321,163,70100912590.65521,45.13918963789627,6,3,True
PROJ_00292,2024-01-01,276010475295.97363,295,111408232988.03035,327298329870.2537,288,108615826428.2947,96.48781269041616,6,0,False
PROJ_00293,2024-05-27,64534959178.79239,139,15449791433.359182,83431213936.24416,167,24643667008.216377,72.93101080405012,7,2,True
PROJ_00294,2024-03-16,139335589144.66092,57,66188300252.06302,78765683667.682,53,40426819331.30349,20.492598445207882,4,4,True
PROJ_00295,2024-11-17,905518693350.0438,431,506420662954.72906,1089526630138.6478,459,539802783972.5583,66.53815723931606,6,2,True
PROJ_00296,2025-02-06,66562487904.43104,115,39103413540.02167,47744947696.48425,93,30924808450.06319,89.80152358720258,3,2,False
PROJ_00297,2025-02-01,17192882045.95099,133,15255150047.3989,25938903735.62138,129,5655973413.426504,19.65311977693008,3,3,False
PROJ_00298,2024-05-03,337297004549.2523,138,163920740274.47864,385942629587.69293,132,179526015629.90625,83.69470633141616,4,1,False
PROJ_00299,2024-11-11,75338130482.81552,66,16382450983.648418,47449947423.83323,69,23687487125.985207,48.41956969054614,2,2,False
PROJ_00300,2023-11-27,372733918959.2294,340,216673781869.89603,282139712902.4209,331,146043680826.88593,40.16226270787493,6,4,True
PROJ_00301,2024-03-14,229744899508.3345,352,112102756515.78291,256580526922.2909,367,135473827412.06738,96.79666655293777,9,2,True
PROJ_00302,2024-10-20,1316821085499.9102,22,514176233889.1795,924160719962.5918,25,361766076707.7524,22.233724935762154,8,3,True
PROJ_00303,2023-09-30,409250958468.31903,468,224197717271.5019,421162055405.0272,551,240253454449.8722,62.09617347815094,4,2,False
PROJ_00304,2024-10-31,774281854270.9069,430,462479253482.4574,521694785992.93115,426,329633940734.1992,44.829822536761796,5,4,True
PROJ_00305,2024-06-25,341384145318.119,334,192013293336.39456,213775527871.38156,400,127305040669.97307,38.95371694230856,8,4,True
PROJ_00306,2025-01-05,255079396174.84546,316,98565161398.47572,267657029048.63925,356,87359963265.06268,95.58185796498333,3,5,True
PROJ_00307,2024-07-16,217639998867.196,264,91980057808.86047,283993556790.2454,263,78959609850.82101,74.31041858643069,2,2,False
PROJ_00308,2024-12-04,1354073489570.5007,432,414902087765.45135,981944967896.9028,507,303386412533.5574,33.89153259409622,4,3,False
PROJ_00309,2025-09-10,1864926887548.0654,186,968073666150.2347,2222809084055.3145,199,982422857169.3026,58.19555393628329,7,2,True
PROJ_00310,2025-04-19,244951654267.46927,352,75988358749.57542,166661836481.91635,294,58800534918.4654,6.295174449306948,7,4,True
PROJ_00311,2025-08-05,8654942925.251816,240,13866731426.662952,21461214468.33129,196,0.0,46.06472334778514,3,2,False
PROJ_00312,2025-02-07,170096603936.89566,488,73512468616.13953,202168227122.80347,509,81805714187.05336,93.76320432005532,4,6,True
PROJ_00313,2024-03-04,381885871641.728,34,212298379913.7845,260860134847.92175,29,146907230123.87875,14.184561698202629,5,1,False
PROJ_00314,2024-04-09,33379730745.69805,445,2453392677.13815,34967311136.13789,474,15839280820.621449,86.97252105919368,6,6,True
PROJ_00315,2024-07-27,111470635349.07686,475,34764750464.79107,121386270911.28816,563,39620785384.59319,53.94473078209347,7,5,True
PROJ_00316,2024-05-07,13036891886.68634,261,15322911480.460114,40891435677.43865,232,6208536453.114294,3.2630340285568864,5,2,False
PROJ_00317,2023-11-26,2018648853122.3325,425,959540277779.3855,2418860797999.8647,545,1143313701633.242,86.4343056946657,6,3,True
PROJ_00318,2025-05-13,122751577388.39876,13,65510475139.544586,65657734352.01556,11,48703071074.78882,32.392269072030125,3,1,False
PROJ_00319,2025-04-05,618250240639.7482,360,277702017987.14825,432104098710.6999,409,197076865052.15695,32.01048225746666,5,5,True
PROJ_00320,2023-11-29,3150116802033.8994,391,1311138716944.3975,3854005283758.747,484,1223581538282.7751,68.57701040712871,6,2,True
PROJ_00321,2024-08-14,70673697869.14838,220,39039867519.228386,95606856558.79991,205,31553454312.15244,70.29523995980972,6,1,False
PROJ_00322,2023-11-25,689897258833.3091,343,203013344076.43585,820483834517.2064,422,239853160594.84103,64.29817064649838,5,3,True
PROJ_00323,2023-11-18,436402781359.62946,22,242295573652.158,307098916972.2502,20,165415484209.66562,15.379987367417591,7,2,True
PROJ_00324,2025-05-18,78574307266.28792,425,52648264958.36143,58657968870.91844,433,28708540071.13296,5.422949396157054,4,4,True
PROJ_00325,2025-01-28,3582800603642.687,298,1565629977783.9915,3924191282936.16,341,1777784317534.4321,52.60577918259066,2,3,False
PROJ_00326,2025-02-23,17171194080.501654,324,0.0,0.0,392,2950512249.9179487,43.83077971496032,5,3,True
PROJ_00327,2025-03-24,646667988070.6929,156,339050677063.25366,425690409870.15466,188,248538484962.37064,27.436060074734726,6,5,True
PROJ_00328,2024-03-07,80553279784.20985,168,44687847176.37629,129773261754.53632,167,40269087491.88579,76.75100404453508,4,6,True
PROJ_00329,2023-11-25,871274543091.6581,396,377269326030.7468,588167399325.0856,435,262874112034.9768,35.31777226091284,5,1,False
PROJ_00330,2025-03-01,277202620818.9709,320,128441837860.09355,356081537788.9999,259,130235345193.65215,86.99387557210441,6,3,True
PROJ_00331,2023-12-19,13165770793991.102,258,6029896008820.495,16228740826121.58,335,6411251295385.558,58.213450515476985,8,2,True
PROJ_00332,2024-04-05,294080877267.7993,314,143267686835.82596,361807843018.0103,280,138741606791.22247,58.088559422169865,4,4,True
PROJ_00333,2023-12-07,519329827637.13153,335,281799923727.0173,376553034328.3482,427,198712928819.2905,6.969728583845275,6,1,False
PROJ_00334,2025-05-29,886911006307.5676,225,334650701329.1483,598424877565.3782,256,226612966954.73874,49.50735948403211,6,2,True
PROJ_00335,2023-12-06,94762880552.79774,308,54854210997.517815,78973818356.08368,374,41536117739.903076,16.424573979194523,0,2,False
PROJ_00336,2025-08-19,747397602999.6996,170,238136236263.02487,841577619036.4863,148,233138175330.98584,65.6710346891333,7,1,True
PROJ_00337,2024-05-25,2518545355045.2476,137,1084234324953.2819,1762226170543.5947,125,753219044593.4677,45.3047209418106,5,1,False
PROJ_00338,2024-11-14,596857890756.6594,252,340104643688.08295,621796002589.0508,240,385869489013.3914,,8,5,True
PROJ_00339,2024-01-28,398161880604.54565,146,197751171997.5183,287194104524.279,174,135533561758.49544,47.52290201930954,2,2,False
PROJ_00340,2025-05-03,182069054376.4583,442,90946133109.08081,126488677424.07169,412,69105807337.51585,23.512591540280372,4,4,True
PROJ_00341,2024-06-06,2883272533269.995,383,1723390834667.858,2042122217340.465,324,1205400788089.016,34.42888372621421,3,2,False
PROJ_00342,2025-05-12,659992416310.2493,188,233318943450.96982,569713221019.6409,229,243695791113.9396,98.66390719966789,3,3,False
PROJ_00343,2025-05-28,1504841897245.5823,180,612491344899.2312,1955824014729.1355,166,729840950589.0151,75.38741189333554,4,6,True
PROJ_00344,2023-11-07,582358071846.1617,445,180230385192.07535,609733841875.5724,525,165010170524.61603,87.24572626195311,4,4,True
PROJ_00345,2025-06-23,44636785703.50815,393,11069332804.422167,64723850386.19522,428,21153751503.921795,75.17653435705016,6,2,True
PROJ_00346,2023-12-20,124577140924.13698,27,39059452708.22626,135657004294.86603,24,48277695296.545074,62.54873257634106,9,2,True
PROJ_00347,2024-11-30,560517997663.952,432,335666653227.2087,621301045195.9891,446,373473865734.29333,63.77392679661347,5,1,False
PROJ_00348,2025-08-01,204401827442.66113,499,121145121570.46033,217001571106.12585,621,109760233487.89505,66.71585078150542,4,5,True
PROJ_00349,2025-05-17,58477442420.67976,441,17903088300.69818,56542971529.03645,507,15696678975.757921,53.235917650076956,5,2,False
PROJ_00350,2025-04-28,211091049692.95657,38,75945242931.35939,283812375846.78076,45,75769983130.98615,78.79392147729064,3,5,True
PROJ_00351,2025-03-16,696610719281.6157,257,313406509464.72955,837375273470.526,238,352383496791.4112,96.7829354224199,4,5,True
PROJ_00352,2024-08-16,24653500904.035633,189,15900189527.792906,20833819570.27078,233,3530412476.8833075,45.59157044254357,5,2,False
PROJ_00353,2024-06-21,112027254198.71591,287,38869857616.03327,64277015623.78018,229,26624392051.48215,3.1050122009348815,6,3,True
PROJ_00354,2024-04-24,379293521394.61444,377,210170545594.86832,299872957113.14557,464,156723976980.82004,12.715128778343447,5,4,True
PROJ_00355,2025-08-13,233033490990.8196,483,119560039090.15413,296903005406.8458,466,125556167583.29933,76.32614839275007,7,6,True
PROJ_00356,2024-08-14,14780710171.479092,492,11891408117.300793,39027823310.97442,413,13994990011.822775,52.92831702322539,5,4,True
PROJ_00357,2024-05-29,48499472881.75791,282,16765298595.762197,40978985921.28504,340,7352721977.299642,49.760114732588754,4,6,True
PROJ_00358,2024-06-25,647952547568.731,40,258118662067.72778,710508189731.6904,37,281594728427.65045,90.7766628739301,3,5,True
PROJ_00359,2024-11-06,1204192989942.151,476,435594958873.7569,839934950737.6838,455,310126704476.4058,11.10877130431805,7,2,True
PROJ_00360,2024-02-09,2665825705850.293,175,1292696031106.6562,3440220413925.7876,144,1201947675454.8713,80.01699485815364,5,5,True
PROJ_00361,2025-08-15,1214151849969.354,220,608611691950.1493,853019563084.5593,209,432140652190.1419,49.262380093859086,4,3,False
PROJ_00362,2025-07-19,107025923591.17406,104,42043833574.33225,79677264150.63858,133,35135278109.144165,52.844222320416485,3,2,False
PROJ_00363,2024-07-31,774784488026.3866,380,250633353735.77798,567927957751.275,425,186702985599.9659,25.54543431075255,2,1,False
PROJ_00364,2025-01-08,392347141099.2735,208,170086327437.7928,449928112736.3953,218,151151131365.82776,92.05538175239894,4,1,False
PROJ_00365,2024-08-16,14300800234.514479,270,0.0,8563478942.773043,222,3694566954.183302,26.884529657921558,2,4,False
PROJ_00366,2023-12-11,356528961824.33154,239,193134953837.69788,358241218819.9231,286,237723043566.22888,55.373485389598116,8,4,True
PROJ_00367,2023-10-07,313171878092.34094,128,124327296304.91096,212634087727.66025,131,75078904908.51085,32.79134052859348,2,6,True
PROJ_00368,2025-01-09,950948500809.9542,388,391580915704.3623,1078029127222.5018,419,448445048814.2125,92.95652947501563,4,3,False
PROJ_00369,2025-06-25,90614190837.37892,49,24296543276.205456,59546720051.177925,56,19652073579.00911,10.359846381960216,7,4,True
PROJ_00370,2025-04-26,78580723575.75285,145,29311432571.157715,56148599860.73399,160,15098779497.285847,37.682787028207414,6,5,True
PROJ_00371,2024-01-08,3607223331.927841,311,5084562770.724967,25972553081.476067,268,0.0,66.86818517140043,6,1,False
PROJ_00372,2023-12-12,557055403865.0626,277,206760449123.6121,650961971945.2454,293,188724925303.659,64.60228511611871,4,3,False
PROJ_00373,2025-03-31,1060708624443.1348,249,465083697296.2858,1288635369333.7932,313,496350006834.6374,95.21679456315125,7,3,True
PROJ_00374,2024-05-03,620832148630.9507,279,224681732972.0104,432446457345.31445,326,156653097698.85852,4.146720095401235,6,3,True
PROJ_00375,2025-02-27,87864669832.65517,474,49825617560.295296,113572741696.22116,477,38559268406.64389,63.36142949305425,6,6,True
PROJ_00376,2024-06-25,97813184081.49905,453,55085034133.419586,64841823370.85703,461,40806385393.41831,39.50703536333897,7,1,True
PROJ_00377,2024-02-10,829100753968.0012,95,420029010488.9118,572102725143.7378,82,289957476726.07837,25.293981396838607,4,6,True
PROJ_00378,2024-09-19,61212629692.19866,132,22938023365.12773,81726047565.56114,128,28054269741.53614,84.1900539549492,6,0,False
PROJ_00379,2023-12-07,515847885156.3129,403,,683904261892.3403,449,228627787725.35242,70.09320833242361,6,7,True
PROJ_00380,2024-06-04,595117664219.0789,281,269399113882.8369,679078365748.0048,228,262697283167.1858,95.05946192892054,6,2,True
PROJ_00381,2024-10-10,98489225921.0175,234,78946776946.42046,134646761955.22891,289,56858532758.71211,84.11523042643505,3,3,False
PROJ_00382,2024-07-15,2461126431025.1094,368,1468154530207.471,1736600681212.6863,448,,15.566089001860858,4,1,False
PROJ_00383,2024-03-07,450333261167.78326,212,253032822858.69452,305827817803.4868,222,178869404614.78693,1.1375156969681506,4,4,True
PROJ_00384,2024-12-19,399997465392.1577,27,209152522385.79535,559527057913.6133,25,246335111997.12537,75.02717635499384,4,2,False
PROJ_00385,2025-04-06,4121234808767.873,11,1958580472601.0063,2897417504315.554,12,1360822655054.1074,15.461801105173759,6,2,True
PROJ_00386,2025-09-17,102346086480.11726,353,43372803305.75985,101312594347.89044,391,39178462286.90872,66.11468444618848,7,2,True
PROJ_00387,2024-08-02,1073207437315.771,21,394542297712.06964,1250633638629.2983,25,455176616246.09174,91.96444479648233,6,3,True
PROJ_00388,2025-06-15,521283859492.87067,97,244105595782.3761,343540174855.9991,113,168323794282.0532,42.32492287796944,7,1,True
PROJ_00389,2025-07-28,438523569830.0996,150,202164720164.57956,575508689056.6091,187,232284329282.31952,63.87418094708722,5,4,True
PROJ_00390,2025-03-22,1112361603159.856,80,402931085321.66016,783560269380.7117,95,284907918005.44556,43.77367219096867,5,4,True
PROJ_00391,2023-10-06,2281627650642.3965,391,925965983274.9532,2466694180038.2573,440,891796387055.381,80.79776224808525,2,4,False
PROJ_00392,2025-08-11,188795544679.90796,174,77989023683.85435,115861847973.54764,192,53729431851.20494,40.098922520651655,6,3,True
PROJ_00393,2025-04-17,1680386929528.3176,138,971334380915.9038,1903804893889.4773,126,956195266616.7898,54.52890725651106,7,1,True
PROJ_00394,2024-07-30,242516685786.5217,346,100974675733.39563,244214369513.12616,278,101688469472.38412,78.67839672202874,3,0,False
PROJ_00395,2025-08-07,636428526876.255,86,379182124387.97424,456952798025.91187,111,256852770267.8207,0.46750288775823995,3,5,True
PROJ_00396,2024-01-12,687741441299.2056,50,317785925309.8241,459809321720.2072,64,223922638437.95416,17.789993000403598,5,2,False
PROJ_00397,2024-02-12,1284100719806.6348,254,731459019245.8134,913006250215.9717,248,518639840504.84064,33.002219254316145,4,4,True
PROJ_00398,2024-06-24,88391011.90900803,326,587970885.5583858,26380481392.22449,423,53271736.82561302,77.77924527056999,6,2,True
PROJ_00399,2024-01-24,5304598822166.858,489,2334812462315.847,3693965242359.623,585,1630014104707.0686,43.500285410315904,6,0,False
PROJ_00400,2024-01-15,203343546422.84656,63,112684605444.14973,216983123211.8723,77,111402149889.34074,59.61237005866931,6,3,True
PROJ_00401,2025-04-16,649352912874.649,334,222708589432.4927,452849850881.3212,336,161220924947.8787,36.580670618979184,5,2,False
PROJ_00402,2024-03-05,107303118884.33667,99,59592857443.674225,85660022293.0482,89,39025258011.86179,38.70903017226704,7,3,True
PROJ_00403,2024-07-02,70873332385.55295,82,36431562581.31183,48707696876.78197,97,33162062319.462368,50.40468493974593,4,1,False
PROJ_00404,2024-07-12,121014167477.69968,448,48586045744.5386,120395912721.48059,506,51763279589.98444,85.53427168594128,0,3,False
PROJ_00405,2025-06-08,2152950542549.4575,279,967613066311.2285,2286517164827.4106,251,884522295715.6024,89.53730271096002,1,2,False
PROJ_00406,2024-04-30,35604847665.769775,351,14819570086.634596,69737243943.14153,353,12219495230.736755,80.10826293159333,6,3,True
PROJ_00407,2024-09-13,6568187643794.14,214,3266977793865.262,4579965338369.034,232,2271064715522.1445,38.23837355179748,6,1,False
PROJ_00408,2024-04-23,79592831081.31061,210,60298356798.87686,138786128201.3084,247,69621320922.33586,67.2646556812874,3,2,False
PROJ_00409,2025-08-31,260911536949.38022,277,143070444180.21967,278867522269.8874,232,147137552580.5055,64.25442823922319,6,6,True
PROJ_00410,2025-07-08,1430726019649.0508,437,622192319362.6488,1709517267188.8416,452,578621778383.503,74.83114712214751,3,5,True
PROJ_00411,2024-06-24,73819282111.23415,111,29318715911.324097,96422821258.11966,135,35034818181.72387,89.58701731766823,6,3,True
PROJ_00412,2025-02-26,58832654470.673584,338,35975047637.96146,45162771855.11589,277,23856476293.740753,27.742229125838552,4,7,True
PROJ_00413,2025-02-09,44015222096.32053,137,39373611916.9126,44077274337.93372,173,29604788790.22072,26.06262865782581,8,1,True
PROJ_00414,2024-06-11,1519135230249.5322,23,553088389429.901,1061981845259.8442,25,392395316207.536,48.75516318863118,7,6,True
PROJ_00415,2023-11-19,46770294295.45996,364,22807316104.28606,28691736433.14099,458,10113415026.303343,1.0197443851938413,2,1,False
PROJ_00416,2023-12-31,236763355625.732,201,138202430612.92407,167388269501.0765,169,99146587529.76933,43.342344517354896,2,3,False
PROJ_00417,2025-07-08,131393919376.97688,437,46055364547.76871,74706213513.7472,372,31393697697.53696,31.953797456609145,8,5,True
PROJ_00418,2024-12-04,636139600365.08,341,331195590346.60394,449020934193.85925,328,238983445855.67722,6.688705097329325,7,1,True
PROJ_00419,2024-07-07,218117383566.22424,335,102451966248.2986,212113483195.8894,363,86612684255.63525,76.38527472014361,0,6,False
PROJ_00420,2023-11-12,2893649626648.4653,105,1065042799274.8367,2024810461867.146,117,730819369009.8778,44.1873118410603,7,4,True
PROJ_00421,2023-10-01,251364986618.49625,193,83721652769.11908,306599081564.2412,249,79190705306.00867,75.86222943076882,6,4,True
PROJ_00422,2024-09-03,277384097611.8268,418,145041223224.53653,267295586860.75885,529,172333251960.6315,59.480223541562246,6,3,True
PROJ_00423,2024-02-08,83543090526.21303,147,31503322751.58117,88101886144.05147,125,17865618204.521538,91.48398737266487,8,3,True
PROJ_00424,2025-07-11,641842313020.4019,22,218148063723.37775,435629776935.7107,23,148554089078.53345,30.282204498764735,6,1,False
PROJ_00425,2024-06-22,11118456729533.059,448,3892084936965.956,11871750483538.754,478,3700503022987.2188,75.30566510171963,5,1,False
PROJ_00426,2024-03-11,115940109711.07086,244,51154468801.97902,116051050986.69312,276,44599566917.47141,90.16093083139828,3,3,False
PROJ_00427,2024-12-23,169999227363.7877,471,78980287788.07103,155753887069.93576,393,81533925072.42024,89.7446017558435,2,0,False
PROJ_00428,2025-04-14,3147781716965.489,74,1519150687068.8877,3316930093338.2627,94,1743768593850.7,56.918241071272234,2,3,False
PROJ_00429,2025-09-19,172167606363.91376,98,55793223466.002686,214808962178.22223,90,67132609717.71538,64.45841562462589,8,1,True
PROJ_00430,2024-12-08,12002693755.107416,302,1408069068.435505,29543475527.45555,314,4200718314.9940305,52.757677599271005,4,4,True
PROJ_00431,2025-04-24,916543709083.5414,228,308490856163.36945,969786529963.4225,291,293441407823.8124,57.660229371566324,2,4,False
PROJ_00432,2023-10-07,2262160910680.5596,128,1023047562331.9498,2631637479441.695,151,1211450690524.3628,51.25426782165744,6,2,True
PROJ_00433,2024-01-20,560269111385.0519,458,285649511232.37476,419340370427.7494,434,201265372728.5421,39.108267844624365,5,3,True
PROJ_00434,2023-12-14,187798071482.11514,150,84093619841.06384,102420836512.01648,180,53763449390.78938,8.789655130734658,6,4,True
PROJ_00435,2025-09-04,225658943717.5808,284,82473539036.46301,155916129493.9163,237,55611556268.273026,2.026944020660819,5,3,True
PROJ_00436,2024-02-27,9527843169.936523,266,7378207237.820425,37492308897.38017,268,7880530094.212816,48.550062564173025,3,3,False
PROJ_00437,2025-04-08,86755216828.08125,460,36008202737.756355,110969879058.65651,376,37746732840.01733,88.99944421101267,6,1,False
PROJ_00438,2023-11-03,203996077824.11423,228,128259219464.11574,285595868485.4279,215,150981747839.50922,77.19286503005266,7,1,True
PROJ_00439,2024-10-10,296466609547.51086,183,136088130809.89145,217002823078.29984,226,87482261519.67058,36.74996396462504,7,1,True
PROJ_00440,2025-05-16,305930937410.38153,147,95525355667.3209,249185082558.46466,123,113704024332.8304,54.45696980190139,1,1,False
PROJ_00441,2025-04-15,726690473965.8289,257,433923201132.55133,762872460036.367,314,402179151518.88885,60.010694722089156,4,2,False
PROJ_00442,2024-02-26,714455844009.5195,427,411240516616.01544,493446894385.66296,413,287881501071.44257,27.87369277270881,6,4,True
PROJ_00443,2024-12-11,1104230552828.26,124,562458726687.7607,1417453717807.786,101,539265764344.0608,65.71862910082199,8,3,True
PROJ_00444,2024-02-05,592397694431.7587,290,207849411433.23746,399743816301.03973,327,147529169141.44644,6.102081688988618,3,5,True
PROJ_00445,2023-11-09,90758485408.13141,490,38877315526.70602,63519053585.80505,595,25919191543.135452,23.297305276260452,4,2,False
PROJ_00446,2024-08-08,169657424041.49725,125,82093989753.38034,117694860458.6482,141,55697018273.92218,14.48561961997418,1,4,False
PROJ_00447,2024-10-05,6455221714206.672,17,2374866148305.5,8169840984251.76,20,2370924978315.0474,82.38226078566352,8,3,True
PROJ_00448,2023-11-07,635889169716.9047,47,343292527647.03625,710561906220.2147,59,407759458536.5542,60.181375234514945,4,1,False
PROJ_00449,2024-09-28,773985328045.2328,277,263742670212.52817,814363364768.8763,266,290146767380.2234,69.42958279030867,10,0,True
PROJ_00450,2024-04-30,35748724538.97193,107,5564502081.939434,14380054526.339828,124,10959849503.074337,21.32621023471967,6,5,True
PROJ_00451,2025-08-26,646561066978.7568,78,253753169445.79706,471556614866.5744,100,188969821782.9205,31.729133993180874,4,2,False
PROJ_00452,2024-06-09,1012047257099.4666,362,595943348706.0864,700773272167.6567,302,419089099079.02264,7.154248530085986,5,4,True
PROJ_00453,2025-08-10,764437680410.486,152,264043788723.91452,536549666818.6609,158,175611949875.17368,46.18121219020234,5,4,True
PROJ_00454,2024-01-11,216335415131.3282,325,82575271429.45062,219283955256.30255,326,82492142768.34064,58.32114195751872,2,2,False
PROJ_00455,2024-09-24,398612096610.3698,459,140812435890.86374,310049732699.2926,577,106242679173.37709,9.96256749662157,5,2,False
PROJ_00456,2025-04-23,151171419882.1554,121,69686015976.52774,87396729276.23169,152,37989045415.702934,13.254133846293916,4,0,False
PROJ_00457,2024-11-17,2368804859612.9233,264,1008736367648.5901,1655873810782.8872,261,709724275485.385,24.465647936280373,6,4,True
PROJ_00458,2025-06-24,337592095042.28,38,191936844299.26672,227417325840.06476,46,132922741635.98701,29.741375526042845,8,3,True
PROJ_00459,2024-03-04,79858414987.62978,390,38753659199.3421,41534751980.09407,363,25783422959.02449,42.781941708627464,2,2,False
PROJ_00460,2024-05-27,111898458649.8839,366,69546539742.05562,87359893861.16086,408,46260513515.41199,24.65325143634216,6,4,True
PROJ_00461,2024-03-12,4744922605891.574,63,2079899598351.156,5596884105071.246,64,2240179018102.2207,85.79713644378124,4,3,False
PROJ_00462,2024-03-27,82346743872.51865,215,33876420422.67465,66468077348.0748,261,25650929556.63366,23.70802204422969,6,3,True
PROJ_00463,2024-11-23,441533357178.14703,192,164750566322.44907,289976050085.13055,213,118829689989.56085,13.48191511691992,2,0,False
PROJ_00464,2023-10-23,60544045712.06221,144,20831504213.562164,43625521823.57637,145,28568653044.835907,77.84840182119527,4,2,False
PROJ_00465,2024-03-29,338567288890.57385,492,114649690359.64174,380832231601.8083,456,127536085395.7093,82.52520331719309,4,6,True
PROJ_00466,2024-09-02,66387476016.48567,64,18553212417.36089,27608129977.41311,74,12997492148.174814,47.62113822048698,2,3,False
PROJ_00467,2024-11-22,1390494508221.2134,210,698976432554.5652,952752360684.6093,257,491026646351.1637,12.2949816104841,4,2,False
PROJ_00468,2025-08-13,133249300768.68442,151,58116233200.808395,78008011619.87796,163,53602776461.601204,32.38616745038103,3,3,False
PROJ_00469,2024-06-08,171369417537.681,449,64478065630.41473,183230882569.65134,367,68050663100.67582,62.358029429552026,6,4,True
PROJ_00470,2024-06-27,112071087101.52716,333,56175406612.28348,70866488709.09955,269,37716862325.554855,12.646135672853227,4,1,False
PROJ_00471,2024-03-09,229234498760.57047,338,128365487823.12476,272482617659.75394,316,115437402248.31776,73.106567470494,4,7,True
PROJ_00472,2025-09-15,200226743814.17615,345,72905513206.23341,142661290162.28284,417,54443325185.3658,29.166891095626628,5,1,False
PROJ_00473,2024-01-16,179100820805.20694,87,80372893861.38068,217713513493.86728,105,72237943576.69882,63.690662996517965,8,3,True
PROJ_00474,2024-10-23,2628762373967.112,373,1299970724524.249,1834955136382.3455,429,913200623582.5072,24.86064805636939,3,5,True
PROJ_00475,2023-11-06,500096653973.9244,44,228426958318.32092,566914067084.5725,54,211625603735.51416,71.02884318612958,6,2,True
PROJ_00476,2025-01-21,24632310855.017376,30,4253644651.3806276,0.0,31,13590571539.371737,1.2929485574965378,6,5,True
PROJ_00477,2024-05-12,206013448594.69012,301,113340539191.55562,131243175909.08957,288,71431332822.16914,44.743743908425756,5,2,False
PROJ_00478,2024-04-19,3081242828208.7505,456,1471966591859.3867,3468379053343.363,586,1626577091959.9863,81.76597909929704,5,4,True
PROJ_00479,2025-01-11,13361749613.761023,176,16863561723.84694,14010745719.494694,214,15356424691.605072,82.64530127306132,6,1,False
PROJ_00480,2024-09-20,18319564300952.297,495,10833890825134.633,12830467754499.275,631,7587209732128.135,37.45126816058011,5,3,True
PROJ_00481,2024-08-05,692270493264.7059,328,275886306813.3236,470338115811.6155,341,191894524354.28665,24.183815453401447,5,3,True
PROJ_00482,2024-05-18,480682144647.5812,231,194494115923.62396,333715672145.04694,269,143701710955.2491,5.238568843203686,6,2,True
PROJ_00483,2024-05-13,157645489156.60825,262,66803900288.46742,118118638478.26945,255,43185157705.25841,33.25236106588398,1,2,False
PROJ_00484,2023-10-22,4375813069252.937,89,1393487621430.7632,3068284039443.3184,78,975135170109.1394,18.994370495114616,5,1,False
PROJ_00485,2025-08-03,10136205171.993853,221,5977443551.855402,16365887950.302475,211,6741580908.743049,68.71420966567368,7,4,True
PROJ_00486,2024-04-12,126935404730.4517,361,61065313849.64714,87719420499.0776,395,60119909304.17926,70.14268333849363,5,3,True
PROJ_00487,2024-11-09,58178527366.262436,163,19060193047.30319,11624568688.646866,156,14928411322.226135,18.118377633149848,3,2,False
PROJ_00488,2024-08-29,152017117369.57767,242,80693006849.61063,101008298183.49403,196,53796952729.63024,34.25748547674701,2,4,False
PROJ_00489,2024-07-09,1247687152172.3496,148,421576977254.28015,1347565202423.8298,153,455622008854.69977,90.42948507317347,6,5,True
PROJ_00490,2023-12-08,145015951676.39636,266,62440051576.13809,108229504231.10321,326,35311562682.73362,17.84934623259534,5,4,True
PROJ_00491,2024-07-09,577649526453.2648,81,266477522171.91782,644309367081.831,87,279443541944.1832,71.14259719442023,5,2,False
PROJ_00492,2024-09-21,93011530026.38191,26,45135031734.58265,121179143813.29443,31,38137181277.30476,78.55611291198608,7,3,True
PROJ_00493,2025-07-15,117242593016.22723,244,68450525528.34852,77847371946.63673,253,57007605574.910515,47.28766389700519,4,6,True
PROJ_00494,2025-03-02,1101410585536.5947,251,465525019441.1213,752586076603.4413,275,330445279340.6646,16.917169722618812,4,5,True
PROJ_00495,2024-11-10,122923792089.9,28,50243836724.759605,77364759069.90015,34,46146887719.50606,17.431091469950253,3,5,True
PROJ_00496,2025-08-23,121945230855.53865,47,54861486596.32482,55116460954.330894,37,41686102767.08733,34.415757499179804,9,5,True
PROJ_00497,2025-03-30,0.0,396,2463979566.53881,17091591543.0224,511,520704781.8820586,73.0547376994623,3,3,False
PROJ_00498,2024-09-01,89721487017.83763,216,24999130440.125828,108102338405.29794,219,34334694832.49932,69.32986820716019,6,5,True
PROJ_00499,2023-10-26,106336559883.12918,21,38515952095.71437,123112670758.78473,20,30417704952.680656,90.77859971506332,6,1,False
PROJ_00500,2024-01-24,606876227123.5878,498,211396470445.69992,411255525483.19025,475,145067152214.4422,17.997081097623848,7,2,True
PROJ_00501,2024-06-21,1032050397756.2985,134,607032883466.0474,1192776068253.0754,118,629488736753.9098,88.46578252463587,3,3,False
PROJ_00502,2024-03-28,814570845879.0073,464,370286660959.8147,571369546256.0233,577,267223077802.9673,1.9608089015952976,5,4,True
PROJ_00503,2025-05-14,462396912958.05804,206,155890063206.62238,587278291218.8693,267,161199245817.98395,85.78483838836677,8,1,True
PROJ_00504,2024-06-25,56942149448.93764,480,23664855451.763374,30443059270.779236,590,5809998497.900026,17.229088562897687,9,2,True
PROJ_00505,2023-11-06,74198880844.63234,462,27048198757.59719,39433618163.531784,555,15389887474.483532,21.581305865030732,2,0,False
PROJ_00506,2024-01-17,881645277335.0931,24,454998996583.62836,1051140622764.3455,27,462752078026.8061,84.63558161370658,1,5,False
PROJ_00507,2025-05-30,964054687129.5582,275,541829764135.1189,696469427830.944,344,371163497357.98016,48.76358214002055,3,3,False
PROJ_00508,2024-12-15,9167019443734.287,262,5477780242365.953,6409651398322.623,297,3833848795457.4053,17.991132703591234,3,3,False
PROJ_00509,2024-09-15,283060119743.7374,300,156959532475.98038,337409383973.5492,347,147984997920.09003,80.1185659373438,6,3,True
PROJ_00510,2024-08-14,176293220624.47076,117,75834615424.61221,119387731178.50049,103,59799279740.95871,10.91919466762117,7,3,True
PROJ_00511,2024-12-17,363302975347.9969,320,145135748572.39487,242347070051.81122,385,93397079895.46004,5.8647689584602745,4,0,False
PROJ_00512,2025-06-09,9499367941.529434,37,6210191435.665774,20422332047.41158,35,12760542323.718334,64.716227692381,3,1,False
PROJ_00513,2025-03-04,130858549548.91707,209,61867095134.44007,135099897210.15332,242,66537822176.11911,57.42817824374016,6,1,False
PROJ_00514,2024-01-24,1423331480620.2793,126,737286799444.8916,1469236390920.2537,142,706123155215.816,84.65911595487458,1,8,True
PROJ_00515,2024-10-26,96708847542.49733,100,51630019295.86549,63130995451.09294,100,35860471388.23579,25.411819638285888,4,2,False
PROJ_00516,2025-05-10,337700326127.45544,329,165642713948.75137,394048116562.49817,395,152519241053.61838,76.18615788298621,8,4,True
PROJ_00517,2024-04-09,750683405257.634,414,389697161219.34625,521609756570.61035,532,278839483796.25995,12.671540766939927,3,3,False
PROJ_00518,2024-06-14,139009575512.63492,371,53396646796.03817,78277365063.02646,317,49737543915.6583,31.943058892031733,3,1,False
PROJ_00519,2023-11-12,339956923536.8591,259,161449584735.9708,205969469182.95544,335,130625818414.80664,43.91126568782459,3,3,False
PROJ_00520,2025-09-22,195425428390.85477,142,95757319536.1782,153690041484.63623,167,64424667605.026855,15.7307850370485,3,2,False
PROJ_00521,2024-12-17,9126964052.712006,33,25985019917.237637,0.0,33,10392504201.359577,12.706595860980485,4,2,False
PROJ_00522,2023-09-29,937681349298.6378,112,352779429981.15924,647449860550.0814,99,253528994499.294,29.10200204546005,5,1,False
PROJ_00523,2025-03-13,350924235908.6241,22,117458398895.9664,377221804486.0398,25,110078903546.24747,,3,6,True
PROJ_00524,2025-04-01,6011249406105.209,352,2949342716531.6826,7823957590098.937,344,2659417117878.053,71.34564775302793,4,7,True
PROJ_00525,2025-08-31,261803286079.258,269,84220850510.21257,178229586468.59317,293,66494228316.20621,27.316136016768528,3,1,False
PROJ_00526,2025-08-14,255090853475.50296,150,97315294620.62946,188487326250.4563,180,70595831378.35321,2.1133211755623234,5,2,False
PROJ_00527,2024-04-16,237173570354.5433,70,118233062376.8563,158032697429.02692,60,86036789687.65343,44.28538089343886,4,3,False
PROJ_00528,2024-10-04,33731770229.26693,235,15653490447.489412,25765420432.021584,224,14163781853.024296,20.782330726086904,3,3,False
PROJ_00529,2024-12-12,102673274936.37646,142,52310960065.923416,44842110863.46776,174,30942407510.540363,24.551008541010653,3,3,False
PROJ_00530,2023-12-08,165260695988.22388,232,81423299225.0786,231283280646.08646,266,88513541255.97592,65.37756896523427,8,2,True
PROJ_00531,2025-08-08,73188185894.7244,182,35627096901.102135,83750954986.95026,164,41019241327.94612,65.03407294062823,2,5,False
PROJ_00532,2024-08-31,5831478452.658825,341,12464246106.670992,24874357801.656254,341,5946927813.647969,79.22549627369048,3,4,False
PROJ_00533,2025-06-27,528368077996.9331,385,220005408213.42117,357311179631.47375,434,134365357237.24,8.38277171736078,2,2,False
PROJ_00534,2024-08-14,331638700855.98975,93,100421154923.81758,417841268758.29364,75,113521872484.99625,87.33250306783522,4,2,False
PROJ_00535,2025-08-07,2429799681726.634,159,1259290211232.3132,1699343496891.7517,158,883918664404.417,21.260180537148788,4,0,False
PROJ_00536,2024-02-02,329181178425.3194,147,138136881478.7665,230094535862.44333,185,87088813644.62308,11.464742196000811,10,3,True
PROJ_00537,2024-07-31,186820124605.6183,422,71598505497.00404,222665125916.95212,421,91197499437.09767,51.70164480315894,7,3,True
PROJ_00538,2025-02-28,734906303691.7996,137,233871308558.82907,528948534521.1502,122,160649920820.76025,10.044706862675012,8,1,True
PROJ_00539,2024-08-09,231672856627.17657,325,122816454331.95308,228342247741.21878,381,125483082799.04616,52.86762587221589,10,7,True
PROJ_00540,2025-08-10,1202791645023.067,106,661919313478.3378,848788151055.9811,111,460951907070.0484,47.5187159688725,5,2,False
PROJ_00541,2024-11-19,663096328007.4847,435,303073188841.0584,466811930736.84344,556,207718490122.23718,13.495735146798884,4,5,True
PROJ_00542,2024-08-27,240118094627.76544,74,81987398923.96094,153900368797.15082,60,49999541981.00465,26.58562584566978,3,4,False
PROJ_00543,2024-11-13,170524572372.7702,449,89251498777.61653,187353787077.74368,568,101843839161.54161,71.86706470874404,1,3,False
PROJ_00544,2025-09-10,962391382648.7924,360,538288388139.8496,664309050413.8816,401,374159698958.6116,12.646617681878695,7,2,True
PROJ_00545,2024-07-26,165577687173.5871,335,88974410185.73407,90269547413.17409,288,62392262482.42855,12.699684313958043,5,4,True
PROJ_00546,2025-04-17,4077015463573.5615,116,1420298803903.458,4466477713788.046,118,1353273295115.4429,62.4667013736455,3,3,False
PROJ_00547,2024-02-05,490893808323.90015,356,149936246354.4794,461624767955.1899,365,154230858375.91873,63.29421770872242,4,2,False
PROJ_00548,2024-04-11,1512371802073.9373,473,797733701366.8701,2017528139068.7861,444,961464269110.3649,78.62450814166088,6,3,True
PROJ_00549,2024-12-01,360459987726.1,366,185101562936.10107,241083021367.29245,341,131015412726.76178,8.846487514665455,8,6,True
PROJ_00550,2025-08-08,326218374671.08997,110,124480084036.55397,454758837703.1293,121,125368639298.40164,76.55589446812616,6,6,True
PROJ_00551,2024-10-20,300538349986.9275,127,183903785869.9532,373155158403.13184,130,206143847787.0031,75.67178285934126,7,3,True
PROJ_00552,2025-08-21,1986545085400.1035,140,629224666665.4333,2420045345525.8164,171,700280480773.0627,99.94593469611911,7,3,True
PROJ_00553,2024-03-24,2232572295285.3496,303,1144479527473.2236,1571389141242.7944,360,807963894710.0614,4.989759111577377,5,2,False
PROJ_00554,2025-06-19,5950275592185.701,484,3351452682665.545,4146754816006.0317,499,2354522417637.9204,29.65494987946035,1,5,False
PROJ_00555,2025-05-02,1051016415881.8854,223,409800556768.89276,1077642668439.8342,213,366441382665.23956,76.50132860600195,4,1,False
PROJ_00556,2024-08-01,189790755669.23242,365,72014686600.51263,214567586390.7178,340,81217495305.03403,50.79588356699999,4,1,False
PROJ_00557,2024-11-16,1096130022839.1339,464,525233361228.1852,765897805903.6443,504,373186859971.85364,37.49607960950417,5,5,True
PROJ_00558,2025-04-11,228589803267.22363,121,79797267781.28879,164730625603.12842,134,58020099002.98093,10.2652599181269,3,4,False
PROJ_00559,2023-09-28,542160441267.78284,69,277955190338.226,626307569660.0841,84,272539185948.60776,82.57793885797986,5,4,True
PROJ_00560,2024-08-04,134194898757.23901,490,47779399224.71326,177281771675.2539,437,41530713489.75561,92.18331820928215,5,5,True
PROJ_00561,2024-07-17,339120565847.43335,481,172153826030.25015,243644594363.30942,613,121419479081.3396,16.859072197313193,4,2,False
PROJ_00562,2024-04-30,824518543072.0767,408,268400827546.02255,962036693908.7517,473,301975165174.9894,60.9872229543934,4,3,False
PROJ_00563,2024-12-11,25151182755.405506,437,13473627415.826488,0.0,398,16780428132.628994,83.3945375870865,5,3,True
PROJ_00564,2025-05-13,3797162886736.681,274,1181982079710.7368,4564886403640.612,223,1216696181441.4478,59.24673396004846,4,1,False
PROJ_00565,2025-06-10,2628338683437.8257,102,1289719358513.7346,1828729274815.745,89,905715280396.4386,27.17024515171696,8,4,True
PROJ_00566,2025-07-29,48786809709.40752,371,43714192130.07045,89868300894.59311,471,39001268706.74164,74.37743710156154,2,2,False
PROJ_00567,2024-08-22,205227226630.49628,287,101696995487.80597,199720875165.64468,360,106252013478.62477,65.99111107502335,6,1,False
PROJ_00568,2025-01-16,109641047754.60962,496,51434437198.6464,158721668810.18063,414,60716454855.87484,77.43361610214838,7,6,True
PROJ_00569,2024-12-23,104467125325.1293,172,67067426402.383736,93813555052.53172,181,46371786793.15351,42.717690553009646,10,4,True
PROJ_00570,2024-12-23,1946608496478.3167,38,930645261355.1489,1368054743160.0334,45,652111116773.7161,20.22248168309739,3,4,False
PROJ_00571,2025-08-19,86234371693.54315,242,40798867504.101616,66573969785.52845,210,31420924886.13515,11.796337565176968,3,5,True
PROJ_00572,2024-05-03,124668332203.00551,104,58320688388.61901,63375541102.170425,105,41686410261.002625,2.7041282369642525,5,5,True
PROJ_00573,2025-03-04,1032000407014.1025,244,426068464489.98865,715714573434.9531,253,293642505387.0367,20.77779262763617,9,3,True
PROJ_00574,2025-01-24,219459977220.1181,290,112226879873.98775,230233786756.61584,252,121172055903.57611,77.15170318726477,6,1,False
PROJ_00575,2024-03-19,3069154843150.3184,399,1315166466043.8606,3867278190171.553,474,1412819621032.5046,72.66092035352933,8,6,True
PROJ_00576,2025-08-02,744316554355.9768,68,252340380614.66937,908963555661.2335,72,305472944937.1742,97.13354764138941,8,3,True
PROJ_00577,2023-12-23,3792153497738.405,218,2186016413086.2983,2683430855503.1465,174,1522089758152.5054,3.8932919326688973,2,2,False
PROJ_00578,2024-07-14,675957731917.0188,41,256914079495.1654,950181363381.1212,49,242967223513.87418,51.319167731003674,7,7,True
PROJ_00579,2025-03-08,1075700620035.6487,76,480751546049.28326,761065771661.9576,66,336807698701.1154,27.620973031572966,10,4,True
PROJ_00580,2025-08-07,114257506382.48509,345,52962546668.63532,113347478679.44438,375,63535100854.61755,99.1506313002471,5,4,True
PROJ_00581,2025-07-07,108169542202.66238,465,48342534311.402145,56860164827.757324,537,18052972302.432083,15.292411113621553,8,2,True
PROJ_00582,2025-06-23,143619371583.32556,224,53731792241.020256,84711280704.47466,259,26466273797.72272,37.124146371353824,6,4,True
PROJ_00583,2024-09-05,803088736421.6836,89,427180529491.7843,1044633339780.2285,72,407382999851.38684,96.79301526584081,6,6,True
PROJ_00584,2024-01-01,262562881770.19788,195,153296131612.5497,176679961346.66434,207,103786437129.58737,12.244547121253559,1,4,False
PROJ_00585,2024-05-25,96816446590.7235,39,64897246897.86331,97140147520.15855,33,34536252384.75144,8.153132752144192,5,1,False
PROJ_00586,2025-08-16,14506938899761.027,103,7275048842199.286,10166259750555.43,110,5099420162450.569,38.90936262717202,5,3,True
PROJ_00587,2024-08-10,4263188015599.419,496,1500175160624.8857,2961146717396.837,505,1050175189224.295,30.399168320747386,9,2,True
PROJ_00588,2024-05-15,54150920190.01732,184,19772452278.101723,45996590272.31174,177,14428975199.821842,3.1444965359397,5,5,True
PROJ_00589,2024-04-18,139106479104.57288,168,52996593826.20727,222183398368.43274,186,60636063022.32548,94.14520434821424,4,1,False
PROJ_00590,2024-02-25,20553758638.708134,119,10205375347.297436,18539271572.23234,95,6447121597.644388,17.693586052620503,2,5,False
PROJ_00591,2023-10-23,38246428166.52701,116,32677729375.73226,78445010814.22849,114,19862284849.36397,77.07088667591285,3,3,False
PROJ_00592,2023-11-14,1075183758674.3528,86,480131543725.795,1271136236101.8445,93,460276274456.2748,90.42297266746026,6,1,False
PROJ_00593,2024-06-04,609972323702.049,223,342227221361.5978,631331833257.112,242,334897920835.0477,74.34847839071941,5,2,False
PROJ_00594,2025-01-26,2314306437373.7656,104,713188915086.3674,2553917978251.95,95,678894494461.2555,61.18187638956376,5,5,True
PROJ_00595,2025-06-14,377043380185.6302,406,157445483895.91357,240134791126.91684,451,108597284517.69382,21.176337951184664,7,0,False
PROJ_00596,2023-12-11,1941316614014.578,452,627259332082.1843,2193498740969.811,547,663913312160.3036,75.40909282112963,1,2,False
PROJ_00597,2025-01-06,512998596631.7583,37,224225044342.42892,366228294601.5501,35,162605308451.0242,20.130728766153855,2,4,False
PROJ_00598,2024-11-25,126607725234.63176,425,56989481467.80384,141740658674.33252,531,86897356155.95497,51.90398071273778,5,3,True
PROJ_00599,2025-07-03,7862729445718.565,149,3336176229999.3745,9428494854452.58,136,3478589956202.3027,51.8393668520905,3,2,False
PROJ_00600,2025-05-09,1653833504629.9236,24,875173981379.0695,1135574849601.0425,26,615655580882.4583,42.53517773511232,7,3,True
PROJ_00601,2024-04-14,1356900781375.7815,284,513369262252.7428,1919106302360.739,327,509287301777.1304,71.65927088913872,9,7,True
PROJ_00602,2025-09-10,83744573339.1681,486,30110715234.873154,64441590602.48077,590,22467396397.28277,1.8814670639556261,6,5,True
PROJ_00603,2024-10-25,48938715228.1247,309,9224405946.375507,48949843817.16681,385,9107428918.690054,72.87901646610219,3,7,True
PROJ_00604,2025-02-15,128446345331.14885,22,59316930413.04676,108733708081.1821,28,50546728698.60445,66.97715638019842,4,3,False
PROJ_00605,2024-11-10,295746311128.8999,125,93227036871.89601,442905721981.9973,109,103195357353.34949,60.268476246708396,11,6,True
PROJ_00606,2024-06-03,1074839582619.882,460,450659769096.87836,753644644055.8989,368,305872054823.20013,7.617849585829714,1,0,False
PROJ_00607,2024-02-26,12925391154.042145,222,4789296503.31068,23546700560.306248,267,9199672047.151642,38.97746648635984,5,5,True
PROJ_00608,2025-07-30,8991695539.520176,325,8166498894.713046,32971736034.437576,374,2899721587.531433,8.795637180052664,5,3,True
PROJ_00609,2025-09-01,144632291555.39386,355,40586620840.44644,104672854941.45229,415,38223348391.24701,49.130359713433506,5,3,True
PROJ_00610,2023-10-03,35942649853.69097,403,11468996955.361698,24363843730.728928,496,10056849971.535456,36.52519189683184,8,5,True
PROJ_00611,2024-01-15,210246955050.984,350,80382583002.0549,234254863824.1859,349,88105613790.5599,56.86396690954235,7,4,True
PROJ_00612,2024-12-06,1997682649431.343,133,942864752636.0497,2199979503088.9326,134,1012918940530.4762,61.1231264431375,4,3,False
PROJ_00613,2024-05-09,241671224527.27515,237,121932214760.10075,172103960875.875,287,88412247505.42717,20.25123533684523,6,7,True
PROJ_00614,2024-03-26,24261610625.47811,321,15305471884.47225,48121669577.1191,340,14444295876.33548,71.79137289949126,10,1,True
PROJ_00615,2025-09-09,660741736464.9622,176,292754494444.7789,727437234165.1394,181,350353009370.3776,69.57140171276663,3,4,False
PROJ_00616,2025-03-11,328957939776.9365,441,118030417743.19359,216154106166.25735,559,94014928312.35036,25.061168763237163,3,1,False
PROJ_00617,2025-01-15,55030565566.49088,378,29401187579.049232,21639832409.188213,307,16837365043.668587,13.89437003131121,5,0,False
PROJ_00618,2023-11-18,1521356330085.8916,225,788358749885.8229,1665913707569.1052,276,764112051769.6135,88.14110556323527,4,4,True
PROJ_00619,2025-04-20,394934841391.40735,36,227799611787.12897,289668931000.53253,39,161661238424.10098,43.08334155809828,5,3,True
PROJ_00620,2024-06-09,109878918120.0553,450,58424606342.835434,143507510660.4941,445,61596876967.86124,81.73679999713177,3,4,False
PROJ_00621,2024-01-30,73113145056.93681,484,38693896058.19783,74347875515.75357,398,35928153340.72304,51.087427749313505,4,2,False
PROJ_00622,2025-01-07,246307293047.53418,393,98109569338.41837,182116604427.74023,388,72340632546.43976,25.256434784860136,4,4,True
PROJ_00623,2024-02-11,40045252759.0228,382,34535515986.10733,61927284304.726555,396,30990574482.07164,80.21213431705117,5,3,True
PROJ_00624,2025-01-15,809943862165.8625,342,329174375243.83167,874420656614.3735,309,386417506120.3281,,3,6,True
PROJ_00625,2025-08-11,313902427623.1906,87,118333504534.88626,426156098251.2615,102,119494956368.89604,61.48501970622162,9,4,True
PROJ_00626,2025-03-24,1311024228975.836,209,495817515117.4148,1591212107566.8848,223,476617994728.09717,53.03604573494826,6,4,True
PROJ_00627,2025-04-22,999592240786.5717,387,320778297674.5576,1165551900659.9817,485,306635712345.73175,88.06587838149795,3,2,False
PROJ_00628,2025-05-29,156433192622.6143,52,72188586105.86644,110832094366.27979,44,50505696551.04091,43.55872686109255,4,2,False
PROJ_00629,2024-08-17,760418680240.0582,225,274641832934.62244,839690312767.5836,229,263512889142.352,72.46804072994546,6,2,True
PROJ_00630,2024-12-24,4653663685205.564,171,2412600855315.7407,3250563996610.091,144,1690729230711.9663,9.334023363545288,5,5,True
PROJ_00631,2025-06-16,932085190673.1671,454,379477397586.71344,642732822809.86,407,273024498175.7179,45.7312605519833,6,3,True
PROJ_00632,2025-02-25,114152405472.19281,273,34622110566.1465,140776651961.95135,317,41359005495.991356,65.69109565511712,2,3,False
PROJ_00633,2024-12-07,326721889381.8671,94,173866376488.5301,236086638376.42493,85,112553292909.74294,4.683634530808939,7,4,True
PROJ_00634,2025-04-11,1559760982923.6938,342,685189825069.0077,1082064399123.9266,388,479591253607.1458,49.38156329840084,6,5,True
PROJ_00635,2024-12-27,72682265441.4591,325,32224942787.274006,37629031663.488045,383,18644886356.04323,9.640032442929174,5,4,True
PROJ_00636,2024-03-08,706742633287.5924,212,356138551524.29816,499711529491.47986,180,236118799156.06537,15.477398178498206,5,4,True
PROJ_00637,2025-01-26,354810797033.1886,25,211985590629.94147,460064395498.2228,26,212467070725.53796,57.48882864406946,7,4,True
PROJ_00638,2024-12-31,2099111021564.2522,201,795520377714.0095,1450315958777.6724,181,565394781455.456,10.43326217265742,5,3,True
PROJ_00639,2024-06-19,280166662688.99146,27,135483494564.734,360869482370.71735,26,147051475239.8141,58.41273289372404,5,2,False
PROJ_00640,2024-06-07,5972354599131.833,28,2946772955633.33,4171989501138.143,35,2063842689173.05,23.331235931051207,6,2,True
PROJ_00641,2025-07-11,655567688360.1245,189,326132628198.48425,888343230805.2177,161,335325385163.033,60.99412022681674,5,4,True
PROJ_00642,2024-07-07,19049593611.175056,25,22873559397.65235,47168434794.07249,31,26554489510.32498,67.90931809050954,1,1,False
PROJ_00643,2025-03-14,93493185683.97414,477,37109358250.04321,82632507102.33157,530,29154226242.444473,21.022202482256247,5,0,False
PROJ_00644,2025-02-05,85382298977.76283,186,40441242300.52738,69038499823.75493,236,49528039032.895775,82.54024803385693,6,0,False
PROJ_00645,2025-06-30,210429765777.9346,427,112867323898.86734,151747779280.49854,543,77796389056.51117,31.357614573072716,5,3,True
PROJ_00646,2024-05-29,1965921647970.265,259,1146068921895.5088,2395497512612.7944,212,1324312646333.161,73.58959965959558,7,0,False
PROJ_00647,2024-07-05,1818016089863.6765,356,919837619730.9731,1271373866431.3843,461,653874577026.5061,17.63392069736422,10,3,True
PROJ_00648,2024-12-21,685389670750.4401,386,267012471352.30414,807409436246.7732,399,291974743779.3118,87.27579268289668,6,4,True
PROJ_00649,2023-12-16,1171744315246.3,229,444994061187.5691,1479865568186.4355,271,500027406275.9514,63.25239556433766,5,5,True
PROJ_00650,2025-09-27,1707822947734.56,392,813913821361.7175,1194247360109.8972,323,568672675139.0851,44.77447311224167,3,2,False
PROJ_00651,2024-07-16,84696109234.38931,122,30964828108.365997,71406354152.27321,147,37226397396.3471,91.26922813009548,2,3,False
PROJ_00652,2024-05-25,55579966836.57222,274,31858583344.065407,60006623652.64289,227,25080964950.05006,43.85703971212312,7,4,True
PROJ_00653,2024-07-02,460789176718.72845,492,159922661853.3534,553193520988.5529,577,147319694409.32303,78.84662042930034,5,6,True
PROJ_00654,2024-09-05,2820677304130.549,30,1586099921202.1123,3155158378570.813,25,1532492833178.0823,63.87175947411589,10,3,True
PROJ_00655,2024-08-20,473236915532.8978,314,203916279359.2495,313276265676.94904,355,141384388553.56018,34.93970636059183,4,4,True
PROJ_00656,2025-04-03,105968878745.60942,181,27318483455.181057,53445848714.06665,175,21016413839.305904,49.93053043366744,3,3,False
PROJ_00657,2023-12-19,39384914733.98207,276,14292421763.603153,49068870935.81511,309,22657320093.51401,64.29877746406613,5,3,True
PROJ_00658,2024-02-16,178133391825.975,430,75179607996.17642,95549363307.17358,539,68053557028.41704,18.80095209416487,9,2,True
PROJ_00659,2024-02-29,1039479904868.1577,374,385738331288.9383,726803693207.316,381,267809916694.26736,43.08960674693005,4,6,True
PROJ_00660,2024-05-21,89501373100.79597,452,37919668348.13811,66431897969.26027,433,33946496809.85733,3.218787406643796,4,4,True
PROJ_00661,2024-10-24,45698230379.11237,175,24041757942.718277,36075932020.99425,166,25766794408.527817,71.62144926550765,4,3,False
PROJ_00662,2025-09-07,4061511240241.409,320,1463143512819.98,2834598934311.9355,279,1027324274463.3351,32.36658650214624,9,2,True
PROJ_00663,2024-03-02,509663730430.7126,297,169975142184.1555,604345221895.7659,305,166866957923.5635,94.55478000929696,7,0,False
PROJ_00664,2025-09-20,56403516432.87934,141,21770390406.881393,53669496908.49741,171,7422224310.02487,3.9073644540677024,9,1,True
PROJ_00665,2024-05-04,73190657746.35402,356,52610969177.12514,143947512753.25745,433,50333292538.07434,60.0214517078071,2,3,False
PROJ_00666,2023-12-02,241773871260.75882,422,136014062834.44481,173505358338.6943,430,99401850953.44098,33.77257955374259,7,3,True
PROJ_00667,2024-11-25,3351090205183.588,435,1014256881399.3053,2361872538494.6313,401,718924415473.5309,27.269544311908803,4,5,True
PROJ_00668,2024-11-18,518402212476.69305,126,167419935587.1168,351904044226.16284,145,120802103700.4646,21.986123318301786,3,2,False
PROJ_00669,2024-08-31,20041501734.87403,403,19052380526.962017,35098588574.97784,356,9722578443.29018,68.78556548914703,2,3,False
PROJ_00670,2025-04-05,2289373191530.864,253,767901582177.848,2931062367620.522,214,876303073433.4081,73.43779638529827,6,6,True
PROJ_00671,2025-01-17,138863946570.38748,420,74157409834.63945,100228334634.57329,435,60322680036.136086,37.78023907140262,8,1,True
PROJ_00672,2024-11-26,430881787456.16614,475,254362252833.45667,493981124483.47235,560,251600826141.64,63.43676089861203,5,5,True
PROJ_00673,2023-11-30,156644095338.45975,96,41420337757.88773,89023164883.74426,109,37366609361.72886,39.74287814387306,6,2,True
PROJ_00674,2024-04-26,600790104735.609,89,332050824829.2563,430408890445.58606,82,231484682506.78046,40.29528612666647,5,4,True
PROJ_00675,2024-12-01,1435825462054.4785,235,575407574723.6566,1002934694915.4493,291,398743377937.12067,39.87403557510446,8,3,True
PROJ_00676,2024-10-30,769374268770.6831,41,267867753305.2905,704691236424.5453,40,295129044142.7483,94.76345802589363,3,3,False
PROJ_00677,2025-05-18,3594591592896.798,25,1314774225772.633,2521335232253.2593,30,924619647401.6193,6.71169082217279,7,2,True
PROJ_00678,2025-09-09,15610412652448.18,225,6262035913182.309,10927984882119.553,193,4386915048037.6396,45.33493375749193,2,2,False
PROJ_00679,2023-10-18,4296347589534.842,18,2351966823374.1543,5484739932236.162,18,2183304976504.8164,67.99014586573028,7,4,True
PROJ_00680,2025-05-09,95885207294.98125,208,54764712152.50423,64330934417.52028,168,34955911739.66485,36.856712386589685,2,4,False
PROJ_00681,2024-10-21,390458656345.57465,392,154717076471.59863,265536387751.89334,499,110166540164.84216,4.398182664046713,9,3,True
PROJ_00682,2025-01-28,2165655472998.1074,206,1251058538198.0208,1507720659511.879,249,885593330927.4727,12.73456588859868,6,4,True
PROJ_00683,2023-10-04,649669217597.6415,55,201953633606.58997,931313837396.6512,64,198064842802.27676,75.9864770926523,8,6,True
PROJ_00684,2024-09-22,218925253763.75705,429,111007006972.09315,149872486768.1864,458,74405895535.89682,28.433286591791926,6,3,True
PROJ_00685,2024-07-29,294554294029.0714,429,158460841261.58792,300572929119.8206,390,161095242211.4572,69.01014577759466,2,2,False
PROJ_00686,2024-10-31,890106500473.0991,98,282840095248.017,1182335508356.8376,114,275343609046.11914,89.173046706313,4,2,False
PROJ_00687,2024-11-30,936236839066.6162,29,360172165421.80194,656724999619.0311,25,243375829997.03546,33.38859819090799,4,2,False
PROJ_00688,2025-04-01,2408479975150.2163,365,740630017162.4398,2346619896530.145,430,676470103228.0449,53.77303354245638,4,3,False
PROJ_00689,2025-04-09,693899410724.8193,484,229949428874.18484,474043700882.2535,493,157402742721.18253,10.368216880875279,6,3,True
PROJ_00690,2025-06-06,372607956505.71313,310,164101529328.92014,410135733496.6898,317,169686186719.23795,75.51188525621818,6,3,True
PROJ_00691,2024-05-10,817502382781.2366,346,371794633352.92535,908411905941.6993,304,375126346618.72626,79.99845760202876,2,2,False
PROJ_00692,2025-02-08,117783399327.41098,250,60491438359.73323,134009311795.94179,259,63837870066.812096,72.64985956971518,7,4,True
PROJ_00693,2024-05-09,49236224006.1042,359,16801614928.809412,62238370741.15129,348,35854484322.405914,66.65295225652301,7,4,True
PROJ_00694,2024-07-03,95883205309.60513,317,43692476184.32857,65179251956.32061,346,33661076400.588696,43.80855507295477,6,5,True
PROJ_00695,2024-12-17,351595692428.5704,111,140628723529.87604,415834102644.84045,120,165663982085.10022,52.741284799428406,3,7,True
PROJ_00696,2025-02-06,1082224409732.236,266,317661978213.78436,1106105076134.9888,322,383711238761.2969,80.95585558588778,4,5,True
PROJ_00697,2023-10-27,205064464328.98587,346,71572903169.73671,135140863025.21342,442,49694852306.77502,12.051403731837773,1,2,False
PROJ_00698,2024-10-30,6603638744891.515,484,3318101535327.35,4606982343395.676,416,2331476759636.2144,5.645162053101403,3,2,False
PROJ_00699,2024-09-06,4102467817514.5093,444,2451767533477.361,4400960148674.019,365,2623330679199.315,73.21219589885771,4,3,False
PROJ_00700,2025-08-12,1090737170522.3585,367,401167234001.1902,764316191811.1587,379,290954305540.0773,9.945599288097583,3,0,False
PROJ_00701,2025-08-23,841414376763.6223,417,282322861686.1532,577293546406.4377,360,196726384387.2949,38.792893488637354,3,1,False
PROJ_00702,2024-11-15,128928204654.84933,214,50317571576.24069,95227643186.39417,180,40398356862.11519,13.659458337200078,2,3,False
PROJ_00703,2024-03-15,184021448116.42722,334,95951285915.73825,117902842213.52368,320,66733599627.76349,30.97055359109306,4,2,False
PROJ_00704,2025-01-18,79580179121.46881,373,13617311483.49991,69549574859.78519,301,21398816998.99766,2.7254696212422695,4,5,True
PROJ_00705,2024-02-05,1221160207312.129,491,393385595803.0442,1446393086357.5476,452,442448532831.1166,97.75276729524282,0,5,False
PROJ_00706,2025-06-26,1070300573657.6771,248,605489773925.6654,1222694623886.965,311,603006349490.7352,52.56405580575946,6,2,True
PROJ_00707,2025-03-27,1520523528801.5344,382,892930037536.8208,1050931080792.4993,351,625614647511.6967,43.712107225897334,4,5,True
PROJ_00708,2023-10-25,36112952065.78956,299,19864226121.81889,11736939424.13384,335,6552068675.252111,45.918563865696186,5,1,False
PROJ_00709,2024-11-04,490297223713.1865,311,226839564149.3794,638361176145.6497,313,218435583399.4533,81.21231381733332,8,4,True
PROJ_00710,2025-05-26,269190491505.52942,277,145497704422.48926,306709982531.4071,333,135955163819.21436,66.26618445440853,3,2,False
PROJ_00711,2025-04-27,271390276628.5154,62,131404265937.20047,199157088034.08545,57,97417639754.95006,27.42394212265847,4,4,True
PROJ_00712,2025-08-06,139900994753.90643,453,55217597760.267105,176375891000.0253,438,59430915561.403046,84.94535615662379,10,4,True
PROJ_00713,2023-10-25,606336195180.6605,92,314743844787.8642,428960506844.56244,108,216423665934.0,46.27798121687691,3,1,False
PROJ_00714,2023-12-22,672174236541.1113,91,360350116675.8539,467218824793.1155,108,253117630475.70367,21.04293610507257,8,3,True
PROJ_00715,2025-07-17,21658528493.152412,400,6407303364.93091,7700717542.90511,441,7591719258.382728,22.97167061843787,8,3,True
PROJ_00716,2024-12-09,205906438365.7397,223,99548223723.19156,130986045438.7551,228,60067948648.66358,41.18681537710852,5,4,True
PROJ_00717,2024-02-13,135577462707.2789,227,93675371399.34558,168532322797.43884,182,104805018411.18474,50.322781620604296,10,3,True
PROJ_00718,2025-01-12,3934584915.6398373,88,2063574506.4902625,0.0,79,7342292053.948669,19.63894646864063,4,4,True
PROJ_00719,2024-04-01,224879946546.20642,465,60604970366.82271,253792460784.56485,552,71630012792.24683,93.73029772412734,4,2,False
PROJ_00720,2023-11-18,142307579651.15503,167,75679630148.53236,174281020669.7184,163,83894528158.7077,59.34037700800223,7,2,True
PROJ_00721,2024-06-20,76171197935.12624,257,35343212895.97367,87382485761.90082,285,50160003150.37304,81.5463068824379,8,4,True
PROJ_00722,2024-10-20,330530828505.7197,380,94199332250.25032,212838701781.82037,433,69633405697.85222,38.13164221864117,8,4,True
PROJ_00723,2024-08-28,46098485271.99133,14,29916483070.17514,52062911640.5395,15,32280731411.71338,89.51982172821585,3,1,False
PROJ_00724,2024-05-01,173761507656.5281,106,104965579733.34018,196426755482.4089,101,100747247961.60591,88.42685045864442,3,3,False
PROJ_00725,2025-01-05,188105578361.79196,426,60500443121.19949,234488356912.857,513,64556995497.03734,79.06067690035209,4,2,False
PROJ_00726,2024-08-27,274023507551.80225,231,122649527347.72925,185352405150.41336,292,76202416009.74104,25.121848770789995,3,7,True
PROJ_00727,2024-09-07,609322432306.9121,286,344283323096.0057,416388655092.88806,314,252176113951.84015,31.185127588465498,6,7,True
PROJ_00728,2024-10-20,43711374599.18188,326,19247833839.705883,33928358930.21768,280,16120002303.099707,63.70230521673309,3,2,False
PROJ_00729,2024-07-08,114734944889.50056,341,35335008792.73084,83924940035.06345,382,33153143848.19531,9.992163381022735,6,5,True
PROJ_00730,2024-12-02,39342834270.552795,249,8342152905.010752,35291237214.141365,270,3562542146.4631433,37.53769124427225,4,2,False
PROJ_00731,2024-06-12,282629544425.667,29,159973381510.20145,289995009327.2901,29,163443614587.8783,78.06480813672253,2,1,False
PROJ_00732,2023-12-20,104364262549.06992,142,61585498631.60967,105552704772.4635,144,48521394133.368095,64.15643902230622,7,4,True
PROJ_00733,2025-01-21,2748596557309.515,240,1532261392912.5757,1929764568231.9988,287,1074554760036.4761,22.03332634329982,3,1,False
PROJ_00734,2023-10-17,126961832750.93147,255,68966292900.80186,152299731250.0761,235,55433368682.138535,91.72413847375347,6,4,True
PROJ_00735,2025-04-02,26456365396.467003,430,1461944385.659543,23501791878.125797,471,6160723664.507374,51.86807882400106,6,3,True
PROJ_00736,2023-11-20,122877522715.48183,50,61331008782.913284,172216571927.21,59,56373216188.08758,56.45931208361251,5,5,True
PROJ_00737,2024-09-20,196130364408.55368,256,,122819196544.85382,279,56313842845.62747,13.185193357858338,9,5,True
PROJ_00738,2024-05-14,10173608132.993906,310,19464539716.42155,38967307816.662766,346,4296199180.057027,57.29421897163809,2,3,False
PROJ_00739,2025-07-24,6897791699165.804,422,3891316511115.5415,8162780267390.897,438,4054555571127.867,63.9999732373994,3,4,False
PROJ_00740,2023-12-07,1900193058463.953,497,878680655762.1924,2307235588169.604,577,898579253447.4972,60.039987765365574,4,9,True
PROJ_00741,2025-07-26,13289594004601.8,302,6946627635992.189,9321849324929.182,303,4861725181929.856,49.21612395368753,1,4,False
PROJ_00742,2023-11-08,4033618536934.675,401,1402279754880.625,2836188010547.64,330,974587326830.7832,5.4081141863478805,3,2,False
PROJ_00743,2023-10-29,31652514850.75859,43,3115268092.6805325,49272705005.05536,46,6406453563.509066,60.19315931961974,7,1,True
PROJ_00744,2024-06-07,1963612115019.96,207,681164957663.5576,2009078170546.5315,253,737346146897.2936,88.53687663165341,2,3,False
PROJ_00745,2024-04-19,93074350570.09874,309,50536940672.38839,122454963029.45049,382,53949065165.62098,73.36404416803892,7,4,True
PROJ_00746,2023-10-18,232456407637.43253,311,102476700867.31049,189370358187.33694,378,57887648266.912964,31.76185634032293,5,1,False
PROJ_00747,2025-06-25,338032582448.2996,126,176093917218.7838,377622416027.57776,137,213686947365.4839,82.88635341595136,5,2,False
PROJ_00748,2024-03-02,1066114405758.2109,15,504354955910.7968,1305943878064.762,12,584924029134.1205,76.1437235269407,4,0,False
PROJ_00749,2024-05-29,640165472519.1501,334,323000796879.6643,773963573157.7083,423,313924798589.1371,83.86255943322865,4,5,True
PROJ_00750,2024-02-04,2499198078261.477,196,1214364777476.6877,2540460348852.162,168,1324001483213.8528,81.99610283922021,4,1,False
PROJ_00751,2025-01-24,3430266062818.8057,456,2032837673999.1096,2382814842851.681,523,1427011050029.3188,45.750403450598704,5,6,True
PROJ_00752,2025-08-13,632936140968.3647,225,361527124269.901,465843698313.50183,226,253460255475.544,10.773074081759413,5,4,True
PROJ_00753,2024-01-23,122394602509.75375,309,68151509573.24146,64340022546.940125,311,55001954957.21759,19.42928225654838,3,2,False
PROJ_00754,2025-04-27,850552686468.7794,283,497105384966.33075,605129124934.2301,275,344515571182.0121,45.74713569576034,8,4,True
PROJ_00755,2024-05-08,38988167796.30327,487,4190509954.9733486,15782652229.379541,622,11469947885.226765,21.959468973327663,7,5,True
PROJ_00756,2025-01-16,3131405780768.6655,152,1221463919699.4163,2187085620050.141,129,862024557923.5231,29.390444434273242,5,2,False
PROJ_00757,2025-09-13,3705562108397.527,121,1525032250043.3027,2602279239187.4355,148,1072198143653.2238,10.817915284185235,3,2,False
PROJ_00758,2024-06-16,2911105036992.0713,130,1365647125669.3027,4087597964314.7134,163,1336777521683.432,67.20670301465564,5,6,True
PROJ_00759,2024-10-09,45480915446.79857,225,20202832500.99677,36218209138.20259,211,19700966436.52212,63.17627060896742,8,1,True
PROJ_00760,2024-03-17,94814281635.56033,318,32717577998.155525,80945414010.19415,324,40425864830.21233,57.45493089147908,2,1,False
PROJ_00761,2025-06-09,538821171621.53326,416,229206689803.3707,541092204531.3562,504,212995854869.20633,99.83119295677874,0,0,False
PROJ_00762,2025-06-10,3731635871272.8804,496,1388557675375.5774,4121376607678.286,523,1287282451685.127,50.17275702622983,6,2,True
PROJ_00763,2024-01-23,222851404115.73972,431,95792380824.91257,302108284550.62335,558,89231144005.79874,90.35100636513191,5,3,True
PROJ_00764,2024-03-13,5966113873941.846,76,3471389815992.1074,4162615169099.477,82,2443273650472.1025,36.963836532530216,3,1,False
PROJ_00765,2024-08-11,111954365214.46199,286,41983214500.757126,115461317084.73996,326,30183341896.879417,76.18901283741103,8,3,True
PROJ_00766,2024-01-16,26085162189.45001,146,1692577275.9447985,25790316065.410767,159,5184224526.760984,67.27691773186436,10,7,True
PROJ_00767,2025-05-12,1201023380392.0298,200,409730967258.1852,1323631975974.39,187,501255392655.0689,70.77509559868108,4,5,True
PROJ_00768,2023-10-24,1314349367237.9004,337,760900552319.2665,910678023867.9126,329,524908649117.2587,27.108658820408444,4,4,True
PROJ_00769,2024-08-12,264934607806.3755,460,109204219019.69907,181343753758.77682,378,75508027487.64417,42.64925339329675,5,2,False
PROJ_00770,2025-05-09,309785575823.9934,147,146701061144.45486,205831390694.08188,125,99287296079.23499,33.13115519386694,4,1,False
PROJ_00771,2025-08-21,461390881852.4879,288,271190480821.82327,481614977283.23,346,266273687683.7788,84.92093449689754,2,3,False
PROJ_00772,2024-10-16,27418997613.840767,143,10382978264.714447,15914717453.76147,139,4995051594.30949,9.288217256185773,7,0,False
PROJ_00773,2024-11-07,413553182440.9341,193,214996998171.6162,282887343428.5883,214,142024420500.64935,20.5516311150667,6,5,True
PROJ_00774,2024-04-18,1290947923836.6277,433,476879542294.5775,1384268985066.3281,386,412353556423.2712,50.3815428338867,7,5,True
PROJ_00775,2023-12-14,25991804102835.516,266,11705068698016.7,18207775448585.824,277,8188971246098.936,23.177238691944506,4,3,False
PROJ_00776,2025-05-26,1066824923372.3527,94,626474374913.4683,1280467484520.8162,95,725780692800.8097,78.5289912085906,5,1,False
PROJ_00777,2025-09-04,1610939696357.132,132,685488287297.0247,1976082326433.473,168,641257024876.5891,63.09393413502109,3,5,True
PROJ_00778,2025-07-01,296419347747.60834,316,143147525269.61148,339849128896.4856,365,141519968900.67627,71.58108832493438,6,2,True
PROJ_00779,2024-06-02,5657035175085.48,278,3230755680020.905,3966263981980.333,313,2266247983548.14,17.387077191574186,6,6,True
PROJ_00780,2024-01-10,1667691807609.7917,51,540705808597.2215,1998936143370.8765,43,522191527072.6877,51.64606368125365,9,3,True
PROJ_00781,2025-09-10,1473326426607.0234,377,747372800201.8538,1032043407120.7999,336,523581167487.15985,28.042368942378655,6,4,True
PROJ_00782,2024-08-01,245916828010.579,107,129164338680.39102,158749485723.5915,120,91669743518.6387,4.426511278959741,5,4,True
PROJ_00783,2025-08-28,50687918416.052246,366,31081027269.28028,86063737323.13297,440,26900438055.725155,87.41442692872832,4,6,True
PROJ_00784,2025-06-03,567871449049.91,73,292696917759.9333,385527607641.06665,66,211929551825.6953,42.893039734155074,5,1,False
PROJ_00785,2024-01-29,69065848092.38962,304,34490748941.25482,49981401318.60567,353,27807989575.680542,40.845647593822115,8,5,True
PROJ_00786,2025-04-29,250189508203.86188,184,100759667052.86728,335066051429.2413,185,,72.95681015070774,5,4,True
PROJ_00787,2023-11-09,248702354577.77362,415,136050141938.20789,182423769498.8672,504,101688272802.51926,43.680983829304445,9,4,True
PROJ_00788,2024-09-17,148699789966.27286,343,63994763716.069275,109689184738.4846,340,34126881156.309902,34.6086656404234,2,4,False
PROJ_00789,2025-03-26,471137994441.6647,91,193057152652.56454,492352043216.7692,117,209629008523.15198,86.47424461801234,1,2,False
PROJ_00790,2024-12-09,58816440091.7792,476,38177863169.22026,58386613171.45773,534,23373839110.009747,44.43795172550288,4,6,True
PROJ_00791,2025-08-05,718858744487.9227,69,290066353942.8594,859476049161.0979,69,277395704393.13525,59.314283310863175,5,3,True
PROJ_00792,2024-10-11,1703981247641.3816,387,961615218238.2754,1215751087757.585,318,669340630159.5938,6.179187843169596,6,3,True
PROJ_00793,2023-12-07,1040712715836.5957,189,500455544085.1253,1227750044078.0356,159,527663934754.1532,55.38731559580169,5,3,True
PROJ_00794,2025-02-27,228565880135.6382,351,96642050638.78119,184036350870.9035,455,69203832175.66837,48.52973876557031,8,3,True
PROJ_00795,2025-07-22,1155653563587.0608,119,422616100813.6442,1246986477491.6455,109,403336628240.4355,76.65223656790363,1,2,False
PROJ_00796,2024-09-11,1057893455985.0304,352,359423466858.10986,734208998662.0033,412,253893468281.5338,10.736429291484777,4,3,False
PROJ_00797,2023-10-10,50972009733.56653,300,22109465100.78367,54324587378.69535,245,13078620248.331963,55.74003181561842,5,1,False
PROJ_00798,2024-12-01,1122702440061.1396,223,626594093586.692,1159717575362.0383,282,731157539086.2003,78.67607105079976,5,0,False
PROJ_00799,2025-02-10,10241147342167.348,25,4449451447535.661,14025603897818.885,26,4799804299986.059,61.63440562559155,9,3,True
PROJ_00800,2024-01-14,297008670969.67114,166,113930916067.82709,217716141371.7099,138,76972157294.37508,31.916469913069122,3,3,False
PROJ_00801,2024-12-14,653989671869.5632,355,271894629968.02206,926953876985.536,419,270091115359.39456,88.9442180359985,8,4,True
PROJ_00802,2024-10-02,115421985938.73656,207,62770901064.60558,68200346480.63301,258,53276785496.30512,33.920294050170924,5,6,True
PROJ_00803,2025-07-09,68358155803.71831,201,27435771149.280266,72218847344.01125,182,37271536645.648705,79.01780361356913,4,5,True
PROJ_00804,2025-01-10,483709226788.70056,172,176086131681.6564,326222889089.6951,176,114886720472.10274,13.47886975557203,3,6,True
PROJ_00805,2025-09-21,190353412469.8532,107,71938485865.47104,114985126144.58417,111,47005368183.827156,24.836029170006718,5,1,False
PROJ_00806,2024-03-02,86966151249.68745,305,19544098436.24663,111010493707.95631,350,31032466475.0885,70.58578277417908,5,1,False
PROJ_00807,2024-12-16,112736061578.99051,439,38160987511.45457,58452462581.33083,563,22672767280.645782,22.30107520772698,5,9,True
PROJ_00808,2024-03-26,207362914546.21823,343,76249564760.48286,136283885949.38524,437,51636908420.44237,43.17056133814208,7,1,True
PROJ_00809,2025-03-15,3496047098513.7344,153,1463443722208.1477,3393449755735.612,175,1752843955739.5188,59.68375146181505,3,2,False
PROJ_00810,2025-07-25,3748358135049.971,377,1244026024634.8113,3530440230037.8647,438,1418048607764.5154,75.43053370732572,1,3,False
PROJ_00811,2024-06-30,131610812121.308,130,35502088481.93477,97494231943.51955,155,29528406596.907234,28.583280220676357,5,4,True
PROJ_00812,2025-06-19,105456222784.61075,95,43466006062.40498,136621106041.50429,100,48874813842.833565,51.745330055415195,5,2,False
PROJ_00813,2025-04-01,900330069079.932,121,465496064817.4779,659215295006.9282,112,327973455622.04877,1.0849042203970778,8,2,True
PROJ_00814,2025-02-04,1664323701678.0532,389,719904542641.9963,1899899272186.3245,332,767028449797.1295,52.27073879565925,5,0,False
PROJ_00815,2025-01-16,99282241248.83481,446,57704081460.33664,73599493502.97585,365,42932709933.845024,44.50241099173165,2,2,False
PROJ_00816,2024-12-17,537732826676.14514,131,268923039419.77567,358283438362.1299,167,182472152733.84985,21.1745741149386,8,4,True
PROJ_00817,2025-05-26,562144168383.3527,296,305244314270.8198,678176769217.8789,350,343336319006.71576,97.00219016180971,6,3,True
PROJ_00818,2024-06-28,387869883053.9118,229,217008547868.95886,290427086174.85486,195,160937535982.84396,33.93995399347206,5,2,False
PROJ_00819,2024-08-23,5347746463971.401,144,1623020215356.9084,3756641838632.152,177,1136730021577.1338,28.381972926477957,2,2,False
PROJ_00820,2024-06-05,326180148938.6314,19,123221108901.65256,380603432975.82556,24,136877178951.53484,91.05916143273265,4,0,False
PROJ_00821,2023-12-25,396254758683.6042,262,204099440154.39825,273278264254.34476,255,142911528752.38068,26.728801816463342,2,3,False
PROJ_00822,2024-07-09,14800510977.187454,288,27048658976.307083,0.0,232,16433803221.919762,46.235786043494926,4,4,True
PROJ_00823,2025-01-01,3675166802721.079,447,1188985706527.0288,2562321742531.375,503,834523024909.9265,18.81648846634013,2,1,False
PROJ_00824,2024-06-03,1232404073942.0615,264,378125482482.82153,1686544668641.994,270,368606568208.99615,56.28785057092212,4,5,True
PROJ_00825,2025-01-15,18553057023.44482,456,14201343758.64296,23921264733.186268,547,8459015504.062574,92.95590942518193,3,2,False
PROJ_00826,2025-05-03,131856620183.85286,239,67874204257.35989,77685756643.16516,279,41922835080.350235,28.048095762208664,3,8,True
PROJ_00827,2025-06-13,1485928621084.0757,399,445295627496.84955,1013868733230.9376,468,318916723384.1642,28.718768673128356,5,1,False
PROJ_00828,2025-08-12,34675393769.743484,42,24806286500.33042,39562594309.551094,42,12923915459.801298,37.28136361952735,6,1,False
PROJ_00829,2024-10-20,5281529083557.051,359,2165013926742.2996,3692437601741.868,461,1518482676305.2896,15.009531072989274,5,3,True
PROJ_00830,2024-09-06,159133821220.0724,224,96456432271.8497,172717142997.73682,234,99117345471.24257,83.15833927746293,4,2,False
PROJ_00831,2023-10-27,1039284622200.4192,185,356894912519.2346,721384950201.632,234,250723494528.60605,12.479271173885701,8,7,True
PROJ_00832,2025-02-15,0.0,135,7348451094.430874,6245538159.695097,111,4173591473.479079,6.906004724125744,9,3,True
PROJ_00833,2024-08-25,845550511288.4949,439,396206419148.5961,592869902219.8279,427,273123300519.4534,13.679974328677345,12,3,True
PROJ_00834,2024-04-01,76861644266.7922,196,33046847202.605465,56759165243.60759,240,19572318680.20211,17.665714565632754,6,3,True
PROJ_00835,2025-02-08,618774754167.9706,433,245321938239.47696,727549809230.7686,527,240836416227.3189,79.7748016335496,3,4,False
PROJ_00836,2024-05-02,164821564702.55927,133,73955759450.48131,96033386193.41035,152,47829895668.695145,17.09581434386686,3,7,True
PROJ_00837,2024-09-25,572244931002.8427,456,296657749755.3754,400681625778.9111,383,206118619467.4245,1.4593173569398004,5,3,True
PROJ_00838,2024-06-18,8036891272658.142,465,4358573846732.417,9235958652217.44,459,4968202530265.834,63.815846403587024,6,3,True
PROJ_00839,2024-09-10,271321038727.30228,80,170409337542.57077,308411545588.30896,73,165181664426.41678,88.59504343618815,4,1,False
PROJ_00840,2024-07-10,334226276230.5924,426,111407982285.82414,248733017004.5562,511,80185939120.59798,49.22306910244073,11,2,True
PROJ_00841,2025-05-30,16140587959.461388,132,18761132366.066013,65466911842.65646,167,26931363182.561703,95.48571025259326,10,7,True
PROJ_00842,2025-09-15,103514308177.16953,353,47072037386.47097,113089802011.93799,389,54877501455.22545,92.32273005142883,6,2,True
PROJ_00843,2024-07-06,967639700776.0148,218,410174646295.2814,667656410948.7887,241,286396644645.34503,6.040842544297831,3,6,True
PROJ_00844,2025-04-19,999585328362.5393,159,478591593144.4398,1207569093193.9692,154,507523830144.277,55.624896310995986,4,0,False
PROJ_00845,2023-10-08,299639936186.1229,75,177216413563.16144,209913794853.63263,75,131067407408.99782,2.0983192442186103,7,3,True
PROJ_00846,2025-03-10,34365268516995.477,439,11794544266636.082,39728144376636.59,538,14123952546743.926,50.227617097895,7,2,True
PROJ_00847,2024-04-10,526351098133.6637,166,304711543839.0613,676662883071.3987,139,332571990666.9606,58.646859380931524,5,4,True
PROJ_00848,2023-12-24,304627738028.1272,364,184394990090.28513,322412840882.00146,403,188823602526.19754,91.20951163289598,3,2,False
PROJ_00849,2024-06-01,570211376066.6572,493,224300784827.76184,410280517473.321,451,157124999488.7881,45.03532319683541,4,7,True
PROJ_00850,2024-11-17,317089602225.2607,332,172552130317.99817,321707551152.23114,362,186747357654.5295,93.7544910681774,2,3,False
PROJ_00851,2025-02-09,1599157262299.0999,350,956429041065.0873,1109466566510.5198,329,665503521909.0881,5.895441015434638,6,2,True
PROJ_00852,2025-04-18,568690485988.187,55,301101722958.3798,414512714488.10065,49,206249890256.7232,17.506240874829377,8,5,True
PROJ_00853,2024-05-31,73370148135.50922,98,25624143420.656036,42566030894.97292,101,20910209309.088074,18.313800746125455,7,2,True
PROJ_00854,2025-09-04,124768612659.0702,233,57788935562.55029,178767894442.59467,208,44486997890.11935,85.76288020306214,7,1,True
PROJ_00855,2025-01-27,1047476345955.7722,82,401050249177.54645,1317569908708.6719,80,466319617101.46844,76.92475677025203,11,4,True
PROJ_00856,2025-07-20,2372445047773.3076,199,1291003141699.6006,1646344166504.3596,183,907659165375.7329,4.481277625040013,5,3,True
PROJ_00857,2025-09-25,1235778212671.3748,383,499635457700.98157,1546244234668.6572,408,463756141815.4434,87.92948596624814,7,7,True
PROJ_00858,2025-02-11,38468456783.40137,345,37965614927.42134,36950852577.27721,371,44942198508.9784,86.06995632781329,4,1,False
PROJ_00859,2024-12-29,245747238438.89328,212,64591786548.6992,250543018521.32623,255,81499293371.21225,71.75553406298643,3,4,False
PROJ_00860,2023-10-15,143567620300.05753,198,55505559720.0588,84383875837.39743,238,33404098503.495453,12.406479223709818,6,2,True
PROJ_00861,2024-01-01,2050412337145.996,465,812754644124.2344,2459357966566.2314,430,956015411851.4935,53.33032160384282,5,1,False
PROJ_00862,2024-07-25,475299595641.2836,243,161814962915.46283,615068786679.4851,206,167290077934.72226,53.45072604291856,4,3,False
PROJ_00863,2024-05-11,2087398406765.3806,147,894818369047.0448,1454972719210.8936,174,626169300747.2245,11.297868268754346,5,3,True
PROJ_00864,2024-11-15,3110976513905.8813,416,1182790689729.5999,3748663940671.182,444,1407192919053.8672,67.72167394298754,4,3,False
PROJ_00865,2025-09-05,4229555424669.811,226,2209006130936.713,2971951345600.465,285,1546894419517.8723,26.427385729453487,3,7,True
PROJ_00866,2024-06-03,2514947633681.255,288,893822215116.4412,2599763500978.349,319,842446859126.2772,54.07552129932635,5,4,True
PROJ_00867,2024-08-06,2281790100347.5083,127,1021897036337.2241,2349896562904.781,121,1000510979536.1564,50.034615661828326,5,2,False
PROJ_00868,2025-08-07,68533893869.72936,321,39688561177.01539,83439157462.49847,320,51054489915.87601,89.08130464152465,6,7,True
PROJ_00869,2025-05-15,216499904262.4463,204,93323438465.55646,156861356926.5465,233,62662935482.33557,39.93671099848591,9,2,True
PROJ_00870,2024-10-09,372317653494.7486,80,149746550547.08075,398476316653.2413,96,149172803922.7816,76.231867618599,2,2,False
PROJ_00871,2025-01-24,19693771434.83867,254,9988272065.171963,21402160350.4884,211,7286545650.650942,46.647836925269424,7,2,True
PROJ_00872,2025-04-16,65645255486.357635,486,28605063033.363857,56862859353.63533,617,25134081762.38552,19.08606262229471,2,3,False
PROJ_00873,2025-03-24,216924765448.57187,477,85105495740.70891,302173801295.409,411,70516815032.30365,77.76388958010338,8,3,True
PROJ_00874,2024-09-14,38801894738.08352,470,0.0,36104062915.06642,477,1089769919.0886974,91.35100220885528,8,5,True
PROJ_00875,2024-12-06,1516585643838.6921,120,851797284559.9873,1740977248949.9077,132,1029459566164.1808,83.40819128044666,6,3,True
PROJ_00876,2025-04-13,45755167651.05141,73,14145146146.046389,38008702793.867546,69,26888366480.801933,88.70571310283177,5,4,True
PROJ_00877,2024-08-31,6911272407339.2,140,3282209528255.321,4846409189281.855,117,2296960529511.9746,23.35357802178212,4,4,True
PROJ_00878,2024-09-22,120207749441.09058,220,51005974252.16461,118787342953.79546,277,46828589130.792244,95.86924590474158,5,6,True
PROJ_00879,2025-09-16,27861915661.506542,51,10194236593.684267,23733903209.308075,41,10273996396.839056,48.646297254563414,5,5,True
PROJ_00880,2025-01-04,2515971180938.2256,478,797002069381.1605,1747831451448.7273,490,568437327581.5634,46.779979487716815,5,2,False
PROJ_00881,2024-07-01,234370219618.9263,206,76483870112.6372,140059091419.2435,260,52261316102.65161,10.012700955603739,3,4,False
PROJ_00882,2024-08-06,266275533592.7068,25,102541752182.22473,328201620651.44543,28,102234456459.74551,88.01390230623763,6,4,True
PROJ_00883,2024-06-11,590266958251.7509,483,332780100464.6906,403149509827.43207,530,234975102263.47668,6.998694000745353,6,4,True
PROJ_00884,2024-05-21,324878139941.79456,265,120894934309.66885,392593930068.55835,227,147223456140.95956,64.31081555789487,10,3,True
PROJ_00885,2024-01-29,467430692937.5585,26,241100958551.40814,533532451015.0708,25,246055411066.24707,76.19440459151575,6,3,True
PROJ_00886,2024-04-12,15003553553.503342,459,8362465045.78547,19940288565.0183,431,4638635575.0762825,47.48482383819678,10,4,True
PROJ_00887,2024-08-16,93473646073.78545,89,36649760262.438034,92610993894.43022,107,47194116455.72078,51.09576531286077,4,2,False
PROJ_00888,2024-01-28,462723326993.9456,457,131328748334.58215,292637904667.0473,566,97366918690.58612,1.6994239592947271,5,3,True
PROJ_00889,2025-03-29,145380916594.2163,403,49122919277.00752,105338161243.14888,352,24647410509.814068,24.146266430767223,5,0,False
PROJ_00890,2025-09-03,643351440229.1104,62,272486828271.53223,740936477648.4717,59,281469302359.15906,99.99581960779331,11,3,True
PROJ_00891,2024-04-04,1352816821210.418,183,794230167548.8156,1435661429296.5344,153,706157019529.2216,78.24244463434822,8,2,True
PROJ_00892,2024-04-11,39325248569.26913,447,10617258232.471674,32222445745.422405,478,11256041429.170567,78.11243569794865,3,3,False
PROJ_00893,2024-05-06,127389287685.97905,457,69104621071.50177,189718629227.7885,452,75530414308.6428,99.69647553178989,8,3,True
PROJ_00894,2025-02-04,435500161006.2287,235,187211488094.83026,292969377983.19666,232,123151548472.34224,33.57837833384081,4,2,False
PROJ_00895,2024-07-07,7300968629517.462,275,2303668538440.9614,8187824564884.604,316,2436717794241.704,89.31446072821159,5,2,False
PROJ_00896,2025-05-23,246679756543.15564,373,100550743029.10043,141664257917.9864,329,69784425124.01294,33.6866331405947,1,2,False
PROJ_00897,2025-03-18,100633655075.06853,307,46455215599.13015,126527968271.87645,375,41879667684.05006,64.49271125027362,8,1,True
PROJ_00898,2025-05-31,272659913391.73438,247,149793775634.62698,184719285421.163,243,95583505736.73798,14.760447299428058,8,8,True
PROJ_00899,2024-07-13,20892908833.1423,305,13861014318.609905,20856062581.678383,355,7050703617.224145,92.02326639586882,6,3,True
PROJ_00900,2024-01-08,46917038603.63923,496,9035276038.090698,47162567162.54919,496,7590416689.767587,4.866666041009594,2,1,False
PROJ_00901,2024-04-13,1846900818455.4539,315,800545861169.1588,1309573289068.9663,390,569984566112.5072,9.204090987996546,3,2,False
PROJ_00902,2024-07-27,196198018565.9896,281,105104520126.65991,148111946058.3275,290,81907222914.25589,3.419037407226791,3,3,False
PROJ_00903,2024-05-17,18742360324.031044,169,6464302248.144432,12360795778.804754,212,0.0,49.4018373401832,4,4,True
PROJ_00904,2024-10-01,2323586171483.9565,281,1287532868651.8792,1650761979307.9392,254,908384353399.2462,5.351872563452946,4,4,True
PROJ_00905,2024-03-29,1386828950589.0273,115,494970756433.6067,970935151657.2941,96,346250603400.6582,33.077662876461225,8,4,True
PROJ_00906,2024-08-02,167374625558.0031,241,108657602716.0056,136511490939.0675,237,83279970766.44382,37.87348822018907,6,1,False
PROJ_00907,2023-10-12,400502443089.76764,237,151730610764.4476,267963314296.66583,272,98331370787.11627,39.257310098585016,7,4,True
PROJ_00908,2025-09-22,7554930665546.547,394,3789500180593.053,8043875373980.9795,327,3808846010110.0703,64.35183244544822,1,3,False
PROJ_00909,2025-03-27,346481817977.7787,399,158802922324.87143,239967979198.02817,450,108475929799.52866,18.535402658167428,6,2,True
PROJ_00910,2024-02-04,323070000810.1949,421,158610390458.60428,296300042051.6425,360,160213200087.78357,75.2832329326562,4,2,False
PROJ_00911,2024-07-04,1774749370613.3481,258,541040405156.26105,2271138545032.0234,217,484647378634.51404,61.39571282132607,4,2,False
PROJ_00912,2023-11-13,5165030500156.585,443,2615823955990.4263,6570466765164.811,516,2704441931615.784,68.19002090818,6,6,True
PROJ_00913,2023-11-22,1425213860587.376,374,699710980143.4108,995454843278.9337,374,487289717932.5061,49.60206689252848,4,3,False
PROJ_00914,2025-04-16,681039811156.4597,197,250895672129.88818,458879482882.2741,229,179724777710.3569,24.8595237120391,5,2,False
PROJ_00915,2024-07-23,444896357859.4863,358,181139388585.41852,322980155807.031,402,134822080166.46434,48.40423005236047,6,4,True
PROJ_00916,2025-09-11,66430219561.064125,275,27032486136.55357,61652768163.17063,344,25856274093.29352,81.9614112773769,1,5,False
PROJ_00917,2024-02-04,552886937734.0753,79,203959320862.92722,697289917673.0922,100,220935584938.71808,58.69351527927551,3,2,False
PROJ_00918,2025-07-12,940922983725.7297,445,569142728131.5652,676360935477.6691,524,390819820038.426,10.164516417134292,1,1,False
PROJ_00919,2025-02-11,139460994507.5143,423,57510083562.36915,158402021635.66754,419,48815459324.38415,88.05999132442219,5,2,False
PROJ_00920,2024-01-11,2551846693928.3784,310,1328682803373.9888,1775529475412.7463,318,931855804972.031,34.006285251486126,8,1,True
PROJ_00921,2023-10-10,75564540702.8216,114,36766360812.288635,65107759860.993416,122,46948844749.067825,66.5847063793662,2,1,False
PROJ_00922,2025-05-07,215493691515.0074,20,115943387829.17838,232233948873.05698,18,125861830217.96385,74.27671311119592,3,3,False
PROJ_00923,2024-07-15,333902159492.9406,473,164070750540.15784,240945488458.02686,428,123942073932.46117,25.21198262282852,5,5,True
PROJ_00924,2025-01-20,309180005658.3032,339,175095631219.45203,229753907089.54807,383,126176295221.73666,17.82819412262593,4,3,False
PROJ_00925,2025-01-30,1360301011192.8826,63,781813287620.2654,943399726292.9723,59,543926462164.96643,6.266429609606872,4,1,False
PROJ_00926,2024-12-22,230221558090.44354,246,127844633398.41008,175442309205.82947,233,90873534298.6179,50.001901623312,7,3,True
PROJ_00927,2024-09-10,14337802935648.61,490,7158828689557.332,10039101999267.186,633,5012374373839.771,15.895969264138825,5,1,False
PROJ_00928,2024-04-03,596609034518.4653,495,372997203643.7333,583216300558.3408,476,376946951567.8269,50.6751049017991,1,4,False
PROJ_00929,2023-11-19,58206428093.122444,310,25488801799.08748,49898694593.555855,325,17069717585.373205,3.5149237996223675,4,4,True
PROJ_00930,2024-06-12,44314172256.55169,97,6241968054.613381,12087092633.961254,107,18146060885.20021,12.5413225413677,5,2,False
PROJ_00931,2025-01-29,161029296818.75076,173,53717467103.07076,197438045632.7812,214,52578198984.18821,83.59779369611026,8,0,True
PROJ_00932,2024-01-22,176259152066.09448,228,52901779042.02498,126270387605.18118,195,45392192385.443794,28.601332198053452,3,6,True
PROJ_00933,2023-12-03,193544805170.1168,239,,132387415186.08478,257,62190007929.55435,49.05456618777553,5,4,True
PROJ_00934,2024-11-11,24527413017.371925,414,16463614597.647778,19397043216.430286,414,13218971803.20403,76.72862535575563,5,0,False
PROJ_00935,2025-02-12,62010555687.889915,159,27417602864.046,51222155529.87881,172,22174308296.341255,16.006688631322156,10,4,True
PROJ_00936,2023-12-12,600697142670.3549,186,353959810169.87665,412094402568.09436,191,248721774749.66437,22.581332836881995,4,5,True
PROJ_00937,2025-05-10,848780626107.0043,23,504444770915.3282,960836492088.0271,28,519054333956.1789,96.61068634524992,6,4,True
PROJ_00938,2025-07-03,513110974943.6487,217,314428899314.88965,379557118542.0288,201,211421655685.12744,38.851199957508946,2,3,False
PROJ_00939,2025-08-30,1187694372803.2334,347,628058447248.3531,1279981372575.3943,298,626042008875.7296,52.74623613768978,7,1,True
PROJ_00940,2023-11-21,418209947923.503,364,238147332688.64093,264596021921.79138,455,159375888921.44177,25.876714396998327,3,5,True
PROJ_00941,2024-03-01,101614467452.91635,411,68488729005.83,119916144162.08575,440,57810476846.78735,64.39170372550545,9,2,True
PROJ_00942,2024-02-27,100344945059.81291,369,60643799897.093765,159435780840.8861,353,72236571745.12505,77.8750501130774,5,3,True
PROJ_00943,2025-04-26,258469082851.71756,200,119289147666.25168,293964651033.29553,224,135066445841.09409,88.72901339880708,6,2,True
PROJ_00944,2024-08-04,282459932555.3723,410,112206526197.40952,179855312493.78314,366,78324662509.02568,44.721668460492836,1,5,False
PROJ_00945,2023-12-24,97164893517.22469,420,33011019241.10602,67945846614.83961,346,29871204330.993313,6.724283736041977,5,5,True
PROJ_00946,2024-06-08,44361843125.30164,451,6870286446.879109,31856960765.62343,548,11003639631.110641,18.03813903818949,5,1,False
PROJ_00947,2024-01-27,422693962812.71686,10,132849714690.85336,534610715263.8535,10,139271818725.52826,63.09235771923984,8,3,True
PROJ_00948,2025-04-21,1817187266984.627,141,609680330909.2485,2001703996508.248,136,705410323495.5514,50.536796372310896,6,6,True
PROJ_00949,2024-11-27,83638832831.79088,419,48870461882.00348,111153491791.59865,488,47642362963.880905,87.96223455468217,7,4,True
PROJ_00950,2025-06-09,58499302039.52572,338,26336243102.990543,40187373939.083664,360,20735045486.363335,43.689116831030475,9,5,True
PROJ_00951,2025-05-30,48720791946.15696,437,30913071353.678646,26333327876.261646,494,21820507980.59753,69.78569248004283,10,2,True
PROJ_00952,2025-06-22,1796424670620.2317,134,751950909569.6606,1256867221366.7156,123,519116815186.7813,34.03597217219986,4,3,False
PROJ_00953,2024-05-16,0.0,444,4651522692.152478,661927786.7223339,420,6780409344.908253,1.4745661959621341,7,2,True
PROJ_00954,2025-03-16,15585710891.108759,75,9614113102.647465,39767355222.39379,60,9776034929.322182,54.539660019264474,1,5,False
PROJ_00955,2024-10-21,355123519805.63763,245,193824835907.01865,228346138591.9566,217,143306374181.85196,40.66607263819713,4,5,True
PROJ_00956,2025-01-01,55001920597.10681,234,33214999608.56716,40671994610.9623,191,15240497013.918558,8.95004767838609,5,4,True
PROJ_00957,2024-12-24,102762592456.53885,190,46507580250.438774,71581098405.92209,184,30571327785.230244,16.15933610152276,5,1,False
PROJ_00958,2024-07-28,373769061906.42,86,138896079799.41586,276659718002.4688,99,94105928109.08235,49.55447550155244,10,2,True
PROJ_00959,2025-05-22,47505472321.18103,228,25665808169.73305,61775702902.95491,239,31214649086.43608,84.81028107090268,9,1,True
PROJ_00960,2024-12-10,91174631285.41634,408,50540047686.24409,113036958967.85345,480,55139974324.5662,85.64645587766513,4,3,False
PROJ_00961,2024-08-05,233988345185.773,268,94306101080.97336,163401559439.3919,327,75095058312.32724,38.10752412552938,8,2,True
PROJ_00962,2025-05-02,349130644541.2948,399,129845526943.1209,389691315217.2954,352,131831155336.91602,78.86282858528246,2,5,False
PROJ_00963,2025-06-24,122570946884.32071,38,54304266140.00051,153046885354.7293,47,62059214897.934135,67.21815352228369,5,2,False
PROJ_00964,2023-11-28,370797146636.0205,127,,438750897542.3003,108,187269502633.618,62.44923552559147,7,6,True
PROJ_00965,2025-06-13,917699669597.3002,385,505880151998.77563,1188301359436.2493,371,601826868622.7319,83.7627366856915,3,3,False
PROJ_00966,2024-01-07,627929410322.1827,51,205962347793.41904,445012594224.6351,57,142195689426.1326,49.17197594556393,2,3,False
PROJ_00967,2024-04-27,646130368253.162,364,374033416999.8071,459901527331.632,298,267244461821.28342,10.547939508409636,0,3,False
PROJ_00968,2025-06-29,140595380815.4414,148,83032138621.02994,154306090166.13394,138,68890681886.37129,84.79687466970412,4,3,False
PROJ_00969,2024-05-01,43743382720.85891,198,29992749245.000076,37569454033.21481,178,35172026372.46371,65.34485404379971,6,0,False
PROJ_00970,2024-06-24,49243910183.79749,162,15657735472.92509,23757052277.693573,175,19653915507.176502,99.8064147301658,4,0,False
PROJ_00971,2025-08-04,146517563744.66568,163,72153162285.58955,78952409290.78914,167,51335833549.78444,25.548971588311844,4,3,False
PROJ_00972,2023-12-20,277700293225.32684,326,108087838299.46758,340742330058.02423,313,105337668013.93852,51.81714023095048,5,6,True
PROJ_00973,2024-03-06,292033849092.66187,228,140556682098.70624,331037991340.86255,272,148577544267.50323,61.29509680157321,4,6,True
PROJ_00974,2024-05-30,1509310037835.2607,91,908307376189.9796,1952969794048.7566,113,889239299919.0255,74.93596049384348,4,3,False
PROJ_00975,2024-03-23,92810318574.55101,157,45081089305.854034,53574663459.76912,130,27328969653.07609,37.248877597851596,4,1,False
PROJ_00976,2025-04-15,56471494866.70375,34,20102612158.886864,40490431062.64034,31,11658795047.92558,14.798581697511143,7,5,True
PROJ_00977,2023-12-13,0.0,251,1732815651.5866756,30791395818.51225,223,705371460.3086157,62.67099157705637,8,2,True
PROJ_00978,2024-03-06,782025630667.6165,315,362982073062.11346,886390104641.8317,326,400376638446.7094,90.6047834988559,6,3,True
PROJ_00979,2023-09-30,39626231108.220505,153,21725929627.608273,94013217156.57257,176,15618519109.69178,72.30797228809554,8,2,True
PROJ_00980,2024-11-19,651700068941.2662,130,264962289501.3374,478100140008.13464,167,200435627325.23303,43.57729087147854,4,4,True
PROJ_00981,2025-01-01,90075938564.81438,275,41171522886.18859,55397632256.67291,243,24286194937.476536,7.5687561650292015,3,4,False
PROJ_00982,2025-09-02,342664148091.20514,67,200204242725.52585,251995853292.7799,80,140765104876.38647,37.57688045784372,2,1,False
PROJ_00983,2025-05-28,38173124765.48769,135,11278690496.7496,14719505333.629755,148,12523447295.381603,42.84094850401913,3,5,True
PROJ_00984,2025-01-21,139983694769.26318,204,76155126812.10255,135851682204.11884,247,65898692496.5368,84.95048547802017,9,5,True
PROJ_00985,2024-07-22,11494116099.130875,73,20120486632.658348,12466858922.988588,72,6698144316.649376,39.39860814960334,5,6,True
PROJ_00986,2023-10-31,621272530450.2277,58,282236052919.0551,429357931253.81995,56,203220522828.648,42.798367733638486,6,3,True
PROJ_00987,2024-05-22,164307766205.16006,209,83464469459.94559,112113758741.84796,261,67696219109.5672,28.455515210002027,6,0,False
PROJ_00988,2024-07-19,128332305361.65932,375,52714866385.661285,84513409347.30032,449,40472027431.9332,33.417639231792855,8,1,True
PROJ_00989,2025-09-20,86376864979.71071,488,40306257669.174904,74302691909.68385,541,20126888836.311485,37.418015867832125,4,4,True
PROJ_00990,2024-07-13,648946515735.5076,192,385416600427.1362,448206341704.36414,225,261357485528.18488,8.560826888890086,8,6,True
PROJ_00991,2025-09-16,1309878583565.9998,169,587427456826.6896,1367837527185.5903,153,638921074244.803,52.973019514024095,3,3,False
PROJ_00992,2025-01-04,144529595366.86285,367,50302085468.58469,155782381477.38556,422,50331636573.06159,88.89233750101603,4,3,False
PROJ_00993,2023-12-09,770233941888.2614,170,333432178023.78613,1033235639277.383,196,371605603258.86646,89.29590662464724,8,3,True
PROJ_00994,2025-08-31,56573703273.408676,235,27837079099.76157,67326580958.62865,216,17675318869.16078,33.266615599698326,4,5,True
PROJ_00995,2024-05-24,850618204943.1936,370,382993204738.436,983875377517.3961,312,360997926573.6701,52.292026375223166,4,3,False
PROJ_00996,2024-06-24,319581295980.05414,491,155931312253.02402,242764109187.89133,619,104423661858.42564,2.479428658023233,4,0,False
PROJ_00997,2025-06-29,686652576719.5464,311,257432498105.2205,490701498323.846,316,183982344343.78644,-0.08103080958906514,1,6,False
PROJ_00998,2025-05-23,411123784058.37897,313,197471533286.9445,526617084402.2398,302,177241675498.21954,78.06427527433384,5,5,True
PROJ_00999,2025-08-05,504374131345.72473,424,185260070438.65164,336332570934.2109,340,128800676413.34651,25.2327598147578,3,1,False
PROJ_01000,2024-04-17,1106723042925.1123,156,460536309891.01904,761375176774.8973,136,326443484208.8445,8.365195754128026,4,3,False
